"RK",TIERS,"PLAYER NAME",TEAM,"POS","BYE WEEK","UPSIDE ","BUST ","SOS SEASON","ECR VS. ADP","AVG. DIFF ","% OVER "
"1",1,"Jahmyr Gibbs",DET,"RB1","6","5 out of 5","1 out of 5","5 out of 5 stars","0","+1.9","50% (8/16)"
"2",1,"Bijan Robinson",ATL,"RB2","11","5 out of 5","1 out of 5","2 out of 5 stars","0","+2.1","56% (9/16)"
"3",1,"Ja'Marr Chase",CIN,"WR1","6","5 out of 5","1 out of 5","4 out of 5 stars","0","-0.3","40% (6/15)"
"4",1,"Puka Nacua",LAR,"WR2","11","5 out of 5","2 out of 5","1 out of 5 stars","0","+2.6","60% (9/15)"
"5",1,"Jaxon Smith-Njigba",SEA,"WR3","11","5 out of 5","2 out of 5","3 out of 5 stars","+1","+2.4","62% (10/16)"
"6",1,"Amon-Ra St. Brown",DET,"WR4","6","5 out of 5","1 out of 5","4 out of 5 stars","+2","-0.1","37% (6/16)"
"7",1,"Christian McCaffrey",SF,"RB3","8","4 out of 5","4 out of 5","2 out of 5 stars","-2","+2.8","75% (12/16)"
"8",1,"Jonathan Taylor",IND,"RB4","13","4 out of 5","3 out of 5","4 out of 5 stars","-1","+2.6","43% (7/16)"
"9",2,"CeeDee Lamb",DAL,"WR5","14","4 out of 5","2 out of 5","2 out of 5 stars","+3","-2.4","38% (5/13)"
"10",2,"Justin Jefferson",MIN,"WR6","6","5 out of 5","2 out of 5","5 out of 5 stars","+1","-4.0","25% (4/16)"
"11",2,"James Cook III",BUF,"RB5","7","4 out of 5","2 out of 5","2 out of 5 stars","-2","+2.2","62% (10/16)"
"12",2,"Ashton Jeanty",LV,"RB6","13","5 out of 5","2 out of 5","2 out of 5 stars","-2","-0.6","43% (7/16)"
"13",2,"Drake London",ATL,"WR7","11","5 out of 5","2 out of 5","3 out of 5 stars","+4","+0.9","45% (5/11)"
"14",2,"Chase Brown",CIN,"RB7","6","4 out of 5","2 out of 5","2 out of 5 stars","+1","+2.0","56% (9/16)"
"15",2,"Saquon Barkley",PHI,"RB8","10","4 out of 5","3 out of 5","4 out of 5 stars","-1","-2.1","37% (6/16)"
"16",2,"Brock Bowers",LV,"TE1","13","5 out of 5","2 out of 5","3 out of 5 stars","+4","-","-"
"17",2,"A.J. Brown",NE,"WR8","11","5 out of 5","2 out of 5","2 out of 5 stars","+6","-0.1","46% (7/15)"
"18",2,"De'Von Achane",MIA,"RB9","6","4 out of 5","4 out of 5","3 out of 5 stars","-5","+0.1","31% (5/16)"
"19",2,"Omarion Hampton",LAC,"RB10","7","5 out of 5","2 out of 5","3 out of 5 stars","-3","+0.7","55% (5/9)"
"20",2,"Nico Collins",HOU,"WR9","8","4 out of 5","3 out of 5","3 out of 5 stars","+4","-0.5","46% (7/15)"
"21",3,"Derrick Henry",BAL,"RB11","13","5 out of 5","2 out of 5","3 out of 5 stars","0","+1.4","43% (7/16)"
"22",3,"George Pickens",DAL,"WR10","14","4 out of 5","4 out of 5","2 out of 5 stars","+4","+2.4","43% (7/16)"
"23",3,"Kenneth Walker III",KC,"RB12","5","4 out of 5","4 out of 5","3 out of 5 stars","-5","-1.4","25% (4/16)"
"24",3,"Trey McBride",ARI,"TE2","14","4 out of 5","3 out of 5","2 out of 5 stars","-5","+2.2","56% (9/16)"
"25",3,"Rashee Rice",KC,"WR11","5","5 out of 5","4 out of 5","2 out of 5 stars","+3","-","-"
"26",3,"Chris Olave",NO,"WR12","8","4 out of 5","4 out of 5","3 out of 5 stars","+3","+2.4","50% (8/16)"
"27",3,"Josh Allen",BUF,"QB1","7","5 out of 5","2 out of 5","3 out of 5 stars","-5","+0.7","50% (8/16)"
"28",3,"DeVonta Smith",PHI,"WR13","10","4 out of 5","2 out of 5","4 out of 5 stars","+5","-1.0","37% (6/16)"
"29",3,"Zay Flowers",BAL,"WR14","13","4 out of 5","2 out of 5","4 out of 5 stars","+11","-0.4","37% (6/16)"
"30",3,"Kyren Williams",LAR,"RB13","11","4 out of 5","2 out of 5","5 out of 5 stars","0","+0.9","56% (9/16)"
"31",3,"Tee Higgins",CIN,"WR15","6","5 out of 5","2 out of 5","4 out of 5 stars","+5","+0.9","50% (7/14)"
"32",3,"Jeremiyah Love",ARI,"RB14","14","5 out of 5","2 out of 5","2 out of 5 stars","-7","-","-"
"33",3,"Tetairoa McMillan",CAR,"WR16","5","4 out of 5","4 out of 5","2 out of 5 stars","+5","-0.3","37% (6/16)"
"34",3,"Malik Nabers",NYG,"WR17","8","4 out of 5","4 out of 5","4 out of 5 stars","0","-","-"
"35",4,"Lamar Jackson",BAL,"QB2","13","4 out of 5","4 out of 5","3 out of 5 stars","+2","-4.4","41% (5/12)"
"36",4,"Josh Jacobs",GB,"RB15","11","4 out of 5","3 out of 5","4 out of 5 stars","-9","-1.7","40% (6/15)"
"37",4,"Breece Hall",NYJ,"RB16","13","4 out of 5","3 out of 5","3 out of 5 stars","-5","-1.2","43% (7/16)"
"38",4,"Emeka Egbuka",TB,"WR18","10","4 out of 5","3 out of 5","4 out of 5 stars","+3","-1.4","31% (5/16)"
"39",4,"Garrett Wilson",NYJ,"WR19","13","4 out of 5","4 out of 5","4 out of 5 stars","+3","-","-"
"40",4,"Javonte Williams",DAL,"RB17","14","4 out of 5","3 out of 5","4 out of 5 stars","-9","+0.9","56% (9/16)"
"41",4,"Ladd McConkey",LAC,"WR20","7","4 out of 5","3 out of 5","2 out of 5 stars","+4","-2.1","43% (7/16)"
"42",4,"Colston Loveland",CHI,"TE3","10","5 out of 5","2 out of 5","2 out of 5 stars","+1","+1.9","53% (8/15)"
"43",4,"Jaylen Waddle",DEN,"WR21","10","4 out of 5","3 out of 5","2 out of 5 stars","+5","-1.0","43% (7/16)"
"44",4,"Drake Maye",NE,"QB3","11","5 out of 5","2 out of 5","2 out of 5 stars","+9","+1.5","56% (9/16)"
"45",4,"Terry McLaurin",WAS,"WR22","7","4 out of 5","2 out of 5","2 out of 5 stars","+10","-0.6","33% (3/9)"
"46",4,"Travis Etienne Jr.",NO,"RB18","8","4 out of 5","3 out of 5","3 out of 5 stars","-7","+2.2","62% (10/16)"
"47",4,"Davante Adams",LAR,"WR23","11","2 out of 5","4 out of 5","1 out of 5 stars","+10","+0.2","50% (7/14)"
"48",4,"Joe Burrow",CIN,"QB4","6","4 out of 5","3 out of 5","3 out of 5 stars","+3","-0.9","57% (4/7)"
"49",4,"Luther Burden III",CHI,"WR24","10","4 out of 5","3 out of 5","3 out of 5 stars","-2","+1.8","57% (8/14)"
"50",4,"Cam Skattebo",NYG,"RB19","8","4 out of 5","4 out of 5","4 out of 5 stars","-15","-","-"
"51",4,"Mike Evans",SF,"WR25","8","4 out of 5","3 out of 5","2 out of 5 stars","+10","-2.7","28% (2/7)"
"52",4,"Jameson Williams",DET,"WR26","6","4 out of 5","4 out of 5","4 out of 5 stars","+7","+0.1","50% (8/16)"
"53",4,"Jayden Daniels",WAS,"QB5","7","4 out of 5","4 out of 5","2 out of 5 stars","+7","-","-"
"54",4,"Tyler Warren",IND,"TE4","13","5 out of 5","2 out of 5","3 out of 5 stars","0","-0.4","50% (8/16)"
"55",4,"Quinshon Judkins",CLE,"RB20","11","4 out of 5","4 out of 5","3 out of 5 stars","-9","-","-"
"56",4,"D'Andre Swift",CHI,"RB21","10","3 out of 5","3 out of 5","2 out of 5 stars","0","+2.1","60% (9/15)"
"57",4,"Bucky Irving",TB,"RB22","10","3 out of 5","4 out of 5","2 out of 5 stars","-13","-1.1","44% (4/9)"
"58",4,"Christian Watson",GB,"WR27","11","4 out of 5","4 out of 5","5 out of 5 stars","+7","+2.4","50% (5/10)"
"59",4,"David Montgomery",HOU,"RB23","8","4 out of 5","3 out of 5","4 out of 5 stars","-9","-0.1","43% (7/16)"
"60",5,"TreVeyon Henderson",NE,"RB24","11","4 out of 5","4 out of 5","2 out of 5 stars","-11","0.0","31% (5/16)"
"61",5,"DJ Moore",BUF,"WR28","7","4 out of 5","2 out of 5","4 out of 5 stars","-9","-0.5","31% (5/16)"
"62",5,"Jalen Hurts",PHI,"QB6","10","4 out of 5","4 out of 5","5 out of 5 stars","+1","-2.1","37% (6/16)"
"63",5,"Rome Odunze",CHI,"WR29","10","5 out of 5","2 out of 5","3 out of 5 stars","+1","-1.6","46% (6/13)"
"64",5,"Bhayshul Tuten",JAC,"RB25","7","4 out of 5","3 out of 5","4 out of 5 stars","-6","-","-"
"65",5,"Jadarian Price",SEA,"RB26","11","4 out of 5","4 out of 5","4 out of 5 stars","-3","-","-"
"66",5,"Tucker Kraft",GB,"TE5","11","4 out of 5","2 out of 5","2 out of 5 stars","+2","-","-"
"67",5,"Justin Herbert",LAC,"QB7","7","4 out of 5","2 out of 5","2 out of 5 stars","+12","0.0","37% (6/16)"
"68",5,"Caleb Williams",CHI,"QB8","10","5 out of 5","2 out of 5","3 out of 5 stars","+6","+1.2","62% (10/16)"
"69",5,"Carnell Tate",TEN,"WR30","9","4 out of 5","2 out of 5","3 out of 5 stars","0","-","-"
"70",5,"Jaylen Warren",PIT,"RB27","9","4 out of 5","4 out of 5","2 out of 5 stars","-3","-0.1","46% (7/15)"
"71",5,"Marvin Harrison Jr.",ARI,"WR31","14","4 out of 5","4 out of 5","2 out of 5 stars","+6","-1.7","50% (6/12)"
"72",5,"Brian Thomas Jr.",JAC,"WR32","7","3 out of 5","4 out of 5","4 out of 5 stars","-2","-2.4","30% (4/13)"
"73",5,"Tony Pollard",TEN,"RB28","9","3 out of 5","3 out of 5","3 out of 5 stars","+7","0.0","25% (4/16)"
"74",5,"Trevor Lawrence",JAC,"QB9","7","5 out of 5","2 out of 5","4 out of 5 stars","+8","+3.9","75% (12/16)"
"75",5,"DK Metcalf",PIT,"WR33","9","3 out of 5","3 out of 5","3 out of 5 stars","+10","-","-"
"76",5,"Rhamondre Stevenson",NE,"RB29","11","4 out of 5","3 out of 5","2 out of 5 stars","-4","+0.4","53% (7/13)"
"77",5,"Harold Fannin Jr.",CLE,"TE6","11","4 out of 5","3 out of 5","3 out of 5 stars","-11","+2.0","56% (9/16)"
"78",5,"Alec Pierce",IND,"WR34","13","4 out of 5","4 out of 5","4 out of 5 stars","+6","+2.5","64% (9/14)"
"79",5,"Dak Prescott",DAL,"QB10","14","4 out of 5","2 out of 5","2 out of 5 stars","+2","+1.9","68% (11/16)"
"80",5,"Parker Washington",JAC,"WR35","7","4 out of 5","3 out of 5","4 out of 5 stars","+7","+3.8","80% (12/15)"
"81",5,"Sam LaPorta",DET,"TE7","6","4 out of 5","2 out of 5","3 out of 5 stars","-6","+0.7","44% (4/9)"
"82",5,"Chuba Hubbard",CAR,"RB30","5","2 out of 5","4 out of 5","1 out of 5 stars","-6","-1.1","28% (4/14)"
"83",5,"Kyle Pitts Sr.",ATL,"TE8","11","4 out of 5","4 out of 5","3 out of 5 stars","-12","+1.7","50% (8/16)"
"84",5,"Courtland Sutton",DEN,"WR36","10","2 out of 5","4 out of 5","2 out of 5 stars","+6","0.0","50% (8/16)"
"85",5,"Chris Godwin Jr.",TB,"WR37","10","3 out of 5","4 out of 5","4 out of 5 stars","+6","+0.2","37% (3/8)"
"86",6,"Rico Dowdle",PIT,"RB31","9","4 out of 5","4 out of 5","2 out of 5 stars","-8","+1.1","31% (5/16)"
"87",6,"J.K. Dobbins",DEN,"RB32","10","4 out of 5","4 out of 5","2 out of 5 stars","+5","0.0","50% (5/10)"
"88",6,"Jordyn Tyson",NO,"WR38","8","4 out of 5","4 out of 5","3 out of 5 stars","-2","-","-"
"89",6,"Jaxson Dart",NYG,"QB11","8","4 out of 5","4 out of 5","4 out of 5 stars","-1","+2.2","64% (9/14)"
"90",6,"Michael Pittman Jr.",PIT,"WR39","9","4 out of 5","4 out of 5","3 out of 5 stars","+13","-0.7","56% (9/16)"
"91",6,"Michael Wilson",ARI,"WR40","14","-","-","2 out of 5 stars","-2","+2.4","68% (11/16)"
"92",6,"Brock Purdy",SF,"QB12","8","4 out of 5","1 out of 5","1 out of 5 stars","+7","+4.6","87% (7/8)"
"93",6,"Quentin Johnston",LAC,"WR41","7","4 out of 5","4 out of 5","2 out of 5 stars","+13","+0.9","57% (8/14)"
"94",6,"RJ Harvey",DEN,"RB33","10","2 out of 5","4 out of 5","2 out of 5 stars","-21","+2.0","50% (8/16)"
"95",6,"Blake Corum",LAR,"RB34","11","4 out of 5","4 out of 5","5 out of 5 stars","-2","+2.1","56% (9/16)"
"96",6,"Kyle Monangai",CHI,"RB35","10","4 out of 5","3 out of 5","2 out of 5 stars","-13","+1.2","43% (7/16)"
"97",6,"Josh Downs",IND,"WR42","13","3 out of 5","4 out of 5","4 out of 5 stars","+21","-0.5","46% (7/15)"
"98",6,"Patrick Mahomes II",KC,"QB13","5","3 out of 5","4 out of 5","2 out of 5 stars","-1","-","-"
"99",6,"Bo Nix",DEN,"QB14","10","4 out of 5","2 out of 5","3 out of 5 stars","+3","+1.0","50% (8/16)"
"100",6,"Makai Lemon",PHI,"WR43","10","4 out of 5","3 out of 5","4 out of 5 stars","-6","-","-"
"101",6,"Travis Kelce",KC,"TE9","5","3 out of 5","3 out of 5","4 out of 5 stars","-3","+0.2","50% (8/16)"
"102",6,"Wan'Dale Robinson",TEN,"WR44","9","3 out of 5","4 out of 5","3 out of 5 stars","+14","+1.1","43% (7/16)"
"103",6,"George Kittle",SF,"TE10","8","4 out of 5","4 out of 5","3 out of 5 stars","-7","+1.6","50% (5/10)"
"104",6,"Kenny Gainwell",TB,"RB36","10","4 out of 5","3 out of 5","2 out of 5 stars","0","+2.4","43% (7/16)"
"105",6,"Jordan Addison",MIN,"WR45","6","4 out of 5","3 out of 5","5 out of 5 stars","+2","-0.4","30% (4/13)"
"106",6,"Matthew Stafford",LAR,"QB15","11","4 out of 5","3 out of 5","3 out of 5 stars","-1","+3.3","62% (10/16)"
"107",6,"Jakobi Meyers",JAC,"WR46","7","2 out of 5","3 out of 5","4 out of 5 stars","+4","-1.4","33% (5/15)"
"108",6,"Rachaad White",WAS,"RB37","7","4 out of 5","3 out of 5","4 out of 5 stars","+2","-1.2","37% (6/16)"
"109",6,"Jayden Reed",GB,"WR47","11","4 out of 5","4 out of 5","5 out of 5 stars","+8","-1.9","33% (2/6)"
"110",6,"Aaron Jones Sr.",MIN,"RB38","6","1 out of 5","4 out of 5","4 out of 5 stars","+2","-1.3","33% (4/12)"
"111",6,"Jonathon Brooks",CAR,"RB39","5","4 out of 5","4 out of 5","1 out of 5 stars","-16","-","-"
"112",6,"Jared Goff",DET,"QB16","6","4 out of 5","1 out of 5","5 out of 5 stars","+3","+0.8","43% (7/16)"
"113",6,"Jacory Croskey-Merritt",WAS,"RB40","7","3 out of 5","4 out of 5","4 out of 5 stars","-4","-0.2","37% (6/16)"
"114",6,"Dalton Kincaid",BUF,"TE11","7","3 out of 5","4 out of 5","3 out of 5 stars","-14","+1.6","54% (6/11)"
"115",6,"Kyler Murray",MIN,"QB17","6","4 out of 5","3 out of 5","5 out of 5 stars","+12","-","-"
"116",6,"Jordan Mason",MIN,"RB41","6","2 out of 5","4 out of 5","4 out of 5 stars","-3","-1.0","33% (5/15)"
"117",6,"Dallas Goedert",PHI,"TE12","10","4 out of 5","4 out of 5","4 out of 5 stars","+2","+1.9","53% (8/15)"
"118",6,"Jake Ferguson",DAL,"TE13","14","2 out of 5","4 out of 5","2 out of 5 stars","-10","+0.3","50% (8/16)"
"119",6,"Xavier Worthy",KC,"WR48","5","4 out of 5","4 out of 5","2 out of 5 stars","+4","-3.4","14% (2/14)"
"120",6,"Baker Mayfield",TB,"QB18","10","2 out of 5","4 out of 5","2 out of 5 stars","+11","-0.9","56% (9/16)"
"121",7,"Jordan Love",GB,"QB19","11","4 out of 5","3 out of 5","4 out of 5 stars","+5","-1.2","46% (7/15)"
"122",7,"Mark Andrews",BAL,"TE14","13","4 out of 5","4 out of 5","4 out of 5 stars","-8","-1.1","25% (4/16)"
"123",7,"Tyler Shough",NO,"QB20","8","4 out of 5","2 out of 5","3 out of 5 stars","+16","+1.6","46% (7/15)"
"124",7,"Jayden Higgins",HOU,"WR49","8","4 out of 5","2 out of 5","3 out of 5 stars","+29","+0.4","50% (8/16)"
"125",7,"Tyrone Tracy Jr.",NYG,"RB42","8","4 out of 5","4 out of 5","4 out of 5 stars","+11","-0.5","35% (5/14)"
"126",7,"Chris Rodriguez Jr.",JAC,"RB43","7","2 out of 5","4 out of 5","4 out of 5 stars","+29","+1.8","58% (7/12)"
"127",7,"Romeo Doubs",NE,"WR50","11","3 out of 5","3 out of 5","2 out of 5 stars","+5","-0.4","43% (7/16)"
"128",7,"Khalil Shakir",BUF,"WR51","7","1 out of 5","4 out of 5","4 out of 5 stars","+23","-1.1","37% (6/16)"
"129",7,"Isaiah Likely",NYG,"TE15","8","4 out of 5","4 out of 5","3 out of 5 stars","-28","-1.9","23% (3/13)"
"130",7,"Jalen Coker",CAR,"WR52","5","3 out of 5","3 out of 5","2 out of 5 stars","+30","+0.5","40% (4/10)"
"131",7,"Woody Marks",HOU,"RB44","8","3 out of 5","4 out of 5","4 out of 5 stars","+11","+0.1","40% (6/15)"
"132",7,"KC Concepcion",CLE,"WR53","11","4 out of 5","3 out of 5","3 out of 5 stars","+5","-","-"
"133",7,"Tyler Allgeier",ARI,"RB45","14","3 out of 5","4 out of 5","2 out of 5 stars","0","+1.0","56% (9/16)"
"134",7,"Malik Willis",MIA,"QB21","6","4 out of 5","4 out of 5","3 out of 5 stars","-4","+1.8","26% (4/15)"
"135",7,"Matthew Golden",GB,"WR54","11","4 out of 5","4 out of 5","5 out of 5 stars","+6","-2.6","23% (3/13)"
"136",7,"Tyjae Spears",TEN,"RB46","9","3 out of 5","4 out of 5","3 out of 5 stars","+22","-0.2","25% (3/12)"
"137",7,"Alvin Kamara",NO,"RB47","8","3 out of 5","4 out of 5","3 out of 5 stars","+9","-4.1","18% (2/11)"
"138",7,"Rashid Shaheed",SEA,"WR55","11","4 out of 5","4 out of 5","3 out of 5 stars","+5","-0.4","41% (7/17)"
"139",7,"Dylan Sampson",CLE,"RB48","11","4 out of 5","2 out of 5","3 out of 5 stars","+30","+0.5","42% (6/14)"
"140",7,"C.J. Stroud",HOU,"QB22","8","3 out of 5","3 out of 5","4 out of 5 stars","+16","-0.9","38% (5/13)"
"141",7,"Sam Darnold",SEA,"QB23","11","2 out of 5","4 out of 5","4 out of 5 stars","+4","-0.3","56% (9/16)"
"142",7,"Juwan Johnson",NO,"TE16","8","4 out of 5","4 out of 5","2 out of 5 stars","+5","+1.1","50% (8/16)"
"143",7,"Brenton Strange",JAC,"TE17","7","4 out of 5","3 out of 5","3 out of 5 stars","-5","+0.2","54% (6/11)"
"144",7,"Chig Okonkwo",WAS,"TE18","7","4 out of 5","2 out of 5","1 out of 5 stars","0","+0.2","50% (8/16)"
"145",7,"Zach Charbonnet",SEA,"RB49","11","3 out of 5","4 out of 5","4 out of 5 stars","-21","+1.9","60% (9/15)"
"146",7,"Isiah Pacheco",DET,"RB50","6","2 out of 5","4 out of 5","5 out of 5 stars","+11","-1.9","30% (4/13)"
"147",7,"Keaton Mitchell",LAC,"RB51","7","4 out of 5","4 out of 5","3 out of 5 stars","+30","+0.4","50% (6/12)"
"148",7,"Hunter Henry",NE,"TE19","11","2 out of 5","4 out of 5","4 out of 5 stars","-13","+0.5","43% (7/16)"
"149",7,"Tank Bigsby",PHI,"RB52","10","4 out of 5","4 out of 5","4 out of 5 stars","+32","+0.2","31% (5/16)"
"150",7,"Cam Ward",TEN,"QB24","9","4 out of 5","4 out of 5","3 out of 5 stars","+16","-0.6","50% (8/16)"
"151",7,"Brian Robinson Jr.",ATL,"RB53","11","1 out of 5","4 out of 5","2 out of 5 stars","-17","-0.6","25% (4/16)"
"152",7,"Jauan Jennings",MIN,"WR56","6","2 out of 5","4 out of 5","5 out of 5 stars","+9","+1.0","50% (7/14)"
"153",7,"Daniel Jones",IND,"QB25","13","4 out of 5","4 out of 5","4 out of 5 stars","+25","-","-"
"154",7,"Oronde Gadsden II",LAC,"TE20","7","2 out of 5","4 out of 5","4 out of 5 stars","-26","+0.8","42% (6/14)"
"155",7,"Jonah Coleman",DEN,"RB54","10","3 out of 5","4 out of 5","2 out of 5 stars","-7","-","-"
"156",7,"Adonai Mitchell",NYJ,"WR57","13","4 out of 5","4 out of 5","4 out of 5 stars","+71","0.0","28% (4/14)"
"157",7,"Jalen McMillan",TB,"WR58","10","4 out of 5","3 out of 5","4 out of 5 stars","+23","+5.0","100% (3/3)"
"158",7,"Bryce Young",CAR,"QB26","5","2 out of 5","4 out of 5","2 out of 5 stars","+7","-0.4","40% (6/15)"
"159",8,"Dalton Schultz",HOU,"TE21","8","3 out of 5","2 out of 5","4 out of 5 stars","+15","+0.9","56% (9/16)"
"160",8,"Tre Tucker",LV,"WR59","13","4 out of 5","2 out of 5","2 out of 5 stars","+68","+0.2","37% (6/16)"
"161",8,"Jerry Jeudy",CLE,"WR60","11","2 out of 5","4 out of 5","3 out of 5 stars","+40","-2.2","18% (3/16)"
"162",8,"Denzel Boston",CLE,"WR61","11","4 out of 5","4 out of 5","3 out of 5 stars","+9","-","-"
"163",8,"Omar Cooper Jr.",NYJ,"WR62","13","4 out of 5","4 out of 5","4 out of 5 stars","+9","-","-"
"164",8,"De'Zhaun Stribling",SF,"WR63","8","3 out of 5","4 out of 5","2 out of 5 stars","+29","-","-"
"165",8,"Deebo Samuel Sr.",SF,"WR64","8","3 out of 5","4 out of 5","2 out of 5 stars","-3","-0.7","46% (7/15)"
"166",8,"Tre' Harris",LAC,"WR65","7","4 out of 5","3 out of 5","2 out of 5 stars","+67","-0.4","37% (6/16)"
"167",8,"AJ Barner",SEA,"TE22","11","4 out of 5","3 out of 5","3 out of 5 stars","+8","+1.7","50% (8/16)"
"168",8,"T.J. Hockenson",MIN,"TE23","6","3 out of 5","4 out of 5","4 out of 5 stars","+5","-1.1","40% (6/15)"
"169",8,"Travis Hunter",JAC,"WR66","7","3 out of 5","4 out of 5","4 out of 5 stars","+1","-","-"
"170",8,"Jacoby Brissett",ARI,"QB27","14","2 out of 5","4 out of 5","2 out of 5 stars","+50","+2.5","60% (9/15)"
"171",8,"Braelon Allen",NYJ,"RB55","13","2 out of 5","4 out of 5","3 out of 5 stars","+36","-1.2","50% (2/4)"
"172",8,"Sean Tucker",TB,"RB56","10","4 out of 5","4 out of 5","2 out of 5 stars","+53","+1.4","43% (7/16)"
"173",8,"Ryan Flournoy",DAL,"WR67","14","4 out of 5","2 out of 5","2 out of 5 stars","+89","+3.2","66% (8/12)"
"174",8,"Houston Texans",HOU,"DST1","8","-","-","2 out of 5 stars","-54","+2.2","62% (10/16)"
"175",8,"Kenyon Sadiq",NYJ,"TE24","13","3 out of 5","4 out of 5","4 out of 5 stars","-25","-","-"
"176",8,"Jalen Nailor",LV,"WR68","13","-","-","2 out of 5 stars","+9","-0.2","31% (5/16)"
"177",8,"Kayshon Boutte",NE,"WR69","11","3 out of 5","4 out of 5","2 out of 5 stars","+31","+0.8","46% (6/13)"
"178",8,"Denver Broncos",DEN,"DST2","10","-","-","4 out of 5 stars","-49","0.0","56% (9/16)"
"179",8,"Ray Davis",BUF,"RB57","7","-","-","2 out of 5 stars","+56","-0.3","31% (5/16)"
"180",8,"Seattle Seahawks",SEA,"DST3","11","-","-","2 out of 5 stars","-55","+3.8","68% (11/16)"
"181",8,"Los Angeles Rams",LAR,"DST4","11","-","-","2 out of 5 stars","-60","+0.8","56% (9/16)"
"182",8,"Calvin Ridley",TEN,"WR70","9","2 out of 5","4 out of 5","3 out of 5 stars","+39","-","-"
"183",8,"Kimani Vidal",LAC,"RB58","7","-","-","3 out of 5 stars","+48","+0.4","45% (5/11)"
"184",8,"Philadelphia Eagles",PHI,"DST5","10","-","-","0 out of 5 stars","-44","+1.1","50% (8/16)"
"185",8,"James Conner",ARI,"RB59","14","2 out of 5","4 out of 5","2 out of 5 stars","-9","-","-"
"186",8,"Stefon Diggs",WAS,"WR71","7","4 out of 5","4 out of 5","2 out of 5 stars","-32","+0.1","50% (8/16)"
"187",8,"Terrance Ferguson",LAR,"TE25","11","4 out of 5","4 out of 5","4 out of 5 stars","-3","+1.4","42% (6/14)"
"188",8,"Jacksonville Jaguars",JAC,"DST6","7","-","-","3 out of 5 stars","+4","+1.9","81% (13/16)"
"189",8,"Malik Washington",MIA,"WR72","6","2 out of 5","4 out of 5","3 out of 5 stars","+62","-1.1","31% (5/16)"
"190",8,"Emanuel Wilson",SEA,"RB60","11","2 out of 5","4 out of 5","4 out of 5 stars","+62","+0.8","37% (6/16)"
"191",8,"Emmett Johnson",KC,"RB61","5","4 out of 5","4 out of 5","3 out of 5 stars","-12","-","-"
"192",8,"MarShawn Lloyd",GB,"RB62","11","4 out of 5","4 out of 5","4 out of 5 stars","+63","-","-"
"193",8,"Dontayvion Wicks",PHI,"WR73","10","3 out of 5","4 out of 5","4 out of 5 stars","+99","-0.5","35% (5/14)"
"194",8,"Darnell Mooney",NYG,"WR74","8","3 out of 5","4 out of 5","4 out of 5 stars","+59","-2.9","14% (2/14)"
"195",8,"New England Patriots",NE,"DST7","11","-","-","3 out of 5 stars","-31","+0.8","43% (7/16)"
"196",8,"Isaac TeSlaa",DET,"WR75","6","3 out of 5","4 out of 5","4 out of 5 stars","-9","+1.1","43% (7/16)"
"197",8,"Pittsburgh Steelers",PIT,"DST8","9","-","-","5 out of 5 stars","0","+0.7","50% (8/16)"
"198",8,"Geno Smith",NYJ,"QB28","13","2 out of 5","4 out of 5","4 out of 5 stars","+52","-1.5","40% (6/15)"
"199",8,"Gunnar Helm",TEN,"TE26","9","4 out of 5","3 out of 5","3 out of 5 stars","+12","+0.6","50% (8/16)"
"200",8,"Pat Freiermuth",PIT,"TE27","9","3 out of 5","3 out of 5","2 out of 5 stars","-1","+0.9","37% (6/16)"
"201",8,"Rashod Bateman",BAL,"WR76","13","3 out of 5","4 out of 5","4 out of 5 stars","+83","-2.5","23% (3/13)"
"202",8,"Los Angeles Chargers",LAC,"DST9","7","-","-","3 out of 5 stars","+3","-0.4","37% (6/16)"
"203",8,"Minnesota Vikings",MIN,"DST10","6","-","-","1 out of 5 stars","-20","+1.2","37% (6/16)"
"204",8,"Pat Bryant",DEN,"WR77","10","-","-","2 out of 5 stars","+73","+0.3","35% (5/14)"
"205",8,"Ted Hurst III",TB,"WR78","10","4 out of 5","4 out of 5","4 out of 5 stars","+66","-","-"
"206",8,"Troy Franklin",DEN,"WR79","10","1 out of 5","4 out of 5","2 out of 5 stars","+67","+1.0","50% (8/16)"
"207",8,"Nicholas Singleton",TEN,"RB63","9","3 out of 5","4 out of 5","3 out of 5 stars","-21","-","-"
"208",8,"Aaron Rodgers",PIT,"QB29","9","2 out of 5","4 out of 5","2 out of 5 stars","-19","-0.5","53% (8/15)"
"209",8,"Baltimore Ravens",BAL,"DST11","13","-","-","5 out of 5 stars","-18","-0.3","56% (9/16)"
"210",9,"Cade Otton",TB,"TE28","10","2 out of 5","4 out of 5","2 out of 5 stars","+7","-1.4","33% (5/15)"
"211",9,"Brandon Aubrey",DAL,"K1","14","5 out of 5","1 out of 5","2 out of 5 stars","-89","+3.1","68% (11/16)"
"212",9,"Jaylin Noel",HOU,"WR80","8","4 out of 5","4 out of 5","3 out of 5 stars","+63","+0.6","37% (6/16)"
"213",9,"Ka'imi Fairbairn",HOU,"K2","8","5 out of 5","1 out of 5","2 out of 5 stars","-61","+4.8","92% (13/14)"
"214",9,"Cameron Dicker",LAC,"K3","7","5 out of 5","1 out of 5","2 out of 5 stars","-65","+2.5","75% (12/16)"
"215",9,"Kaytron Allen",WAS,"RB64","7","2 out of 5","4 out of 5","4 out of 5 stars","+14","-","-"
"216",9,"Kansas City Chiefs",KC,"DST12","5","-","-","3 out of 5 stars","-4","-1.3","31% (5/16)"
"217",9,"Cam Little",JAC,"K4","7","-","-","4 out of 5 stars","-49","+2.0","68% (11/16)"
"218",9,"Jason Myers",SEA,"K5","11","-","-","4 out of 5 stars","-59","+4.5","87% (14/16)"
"219",9,"Mike Washington Jr.",LV,"RB65","13","3 out of 5","4 out of 5","2 out of 5 stars","-37","-","-"
"220",9,"Green Bay Packers",GB,"DST13","11","-","-","2 out of 5 stars","-10","-2.0","31% (5/16)"
"221",9,"Tank Dell",HOU,"WR81","8","4 out of 5","4 out of 5","3 out of 5 stars","+9","-","-"
"222",9,"Jaydon Blue",DAL,"RB66","14","4 out of 5","3 out of 5","4 out of 5 stars","+22","-3.3","0% (0/4)"
"223",9,"Antonio Williams",WAS,"WR82","7","4 out of 5","2 out of 5","2 out of 5 stars","-7","-","-"
"224",9,"Eddy Pineiro",SF,"K6","8","4 out of 5","2 out of 5","5 out of 5 stars","-24","+3.1","69% (9/13)"
"225",9,"Detroit Lions",DET,"DST14","6","-","-","5 out of 5 stars","-12","-1.2","31% (5/16)"
"226",9,"Tyler Loop",BAL,"K7","13","-","-","3 out of 5 stars","-28","+1.1","56% (9/16)"
"227",9,"Jaylen Wright",MIA,"RB67","6","-","-","3 out of 5 stars","+12","+2.3","54% (6/11)"
"228",9,"Cooper Kupp",SEA,"WR83","11","4 out of 5","4 out of 5","3 out of 5 stars","+48","-1.5","40% (6/15)"
"229",9,"Jake Bates",DET,"K8","6","-","-","5 out of 5 stars","-35","+0.7","43% (7/16)"
"230",9,"Oscar Delp",NO,"TE29","8","4 out of 5","4 out of 5","2 out of 5 stars","-","-","-"
"231",9,"David Njoku",LAC,"TE30","7","4 out of 5","4 out of 5","4 out of 5 stars","-68","-1.1","33% (4/12)"
"232",9,"Buffalo Bills",BUF,"DST15","7","-","-","3 out of 5 stars","-17","-0.3","25% (4/16)"
"233",9,"Cairo Santos",CHI,"K9","10","-","-","0 out of 5 stars","-7","+2.0","71% (10/14)"
"234",9,"Zachariah Branch",ATL,"WR84","11","2 out of 5","4 out of 5","3 out of 5 stars","0","-","-"
"235",9,"Fernando Mendoza",LV,"QB30","13","4 out of 5","3 out of 5","1 out of 5 stars","-68","-","-"
"236",9,"Tua Tagovailoa",ATL,"QB31","11","2 out of 5","4 out of 5","4 out of 5 stars","+10","-1.9","35% (5/14)"
"237",9,"Ollie Gordon II",MIA,"RB68","6","3 out of 5","4 out of 5","3 out of 5 stars","+95","-0.6","25% (4/16)"
"238",9,"Keon Coleman",BUF,"WR85","7","2 out of 5","4 out of 5","4 out of 5 stars","+63","-1.5","25% (3/12)"
"239",9,"Andy Borregales",NE,"K10","11","-","-","1 out of 5 stars","-44","+1.3","50% (8/16)"
"240",9,"Evan McPherson",CIN,"K11","6","-","-","2 out of 5 stars","-8","+1.3","56% (9/16)"
"241",9,"George Holani",SEA,"RB69","11","3 out of 5","4 out of 5","4 out of 5 stars","+16","+0.4","22% (2/9)"
"242",9,"Harrison Mevis",LAR,"K12","11","-","-","2 out of 5 stars","-54","+0.6","50% (4/8)"
"243",9,"Chase McLaughlin",TB,"K13","10","-","-","3 out of 5 stars","-21","+1.4","56% (9/16)"
"244",9,"Colby Parkinson",LAR,"TE31","11","-","-","4 out of 5 stars","+14","+2.9","64% (9/14)"
"245",9,"Cleveland Browns",CLE,"DST16","11","-","-","5 out of 5 stars","-7","0.0","37% (6/16)"
"246",9,"Chimere Dike",TEN,"WR86","9","2 out of 5","5 out of 5","3 out of 5 stars","+44","+0.3","37% (6/16)"
"247",9,"Justice Hill",BAL,"RB70","13","-","-","3 out of 5 stars","0","+0.2","40% (4/10)"
"248",9,"Chris Boswell",PIT,"K14","9","-","-","4 out of 5 stars","-34","+1.3","62% (10/16)"
"249",9,"Evan Engram",DEN,"TE32","10","-","-","4 out of 5 stars","+37","-1.4","26% (4/15)"
"250",9,"Harrison Butker",KC,"K15","5","-","-","5 out of 5 stars","-46","+0.7","50% (8/16)"
"251",9,"Germie Bernard",PIT,"WR87","9","2 out of 5","4 out of 5","3 out of 5 stars","+21","-","-"
"252",9,"Jack Bech",LV,"WR88","13","3 out of 5","4 out of 5","2 out of 5 stars","+51","-1.1","40% (6/15)"
"253",9,"Isaiah Davis",NYJ,"RB71","13","2 out of 5","4 out of 5","3 out of 5 stars","+83","-0.1","37% (6/16)"
"254",9,"Jordan James",SF,"RB72","8","4 out of 5","4 out of 5","2 out of 5 stars","+15","-0.8","0% (0/1)"
"255",9,"Elic Ayomanor",TEN,"WR89","9","1 out of 5","5 out of 5","3 out of 5 stars","+61","-0.7","33% (5/15)"
"256",9,"Tory Horton",SEA,"WR90","11","4 out of 5","4 out of 5","3 out of 5 stars","+37","+1.3","50% (4/8)"
"257",9,"Wil Lutz",DEN,"K16","10","-","-","1 out of 5 stars","-33","+0.1","56% (9/16)"
"258",9,"Demond Claiborne",MIN,"RB73","6","3 out of 5","4 out of 5","4 out of 5 stars","-17","-","-"
"259",9,"DJ Giddens",IND,"RB74","13","2 out of 5","4 out of 5","4 out of 5 stars","+65","-0.6","28% (2/7)"
"260",9,"Tyquan Thornton",KC,"WR91","5","-","-","2 out of 5 stars","-","-","-"
"261",9,"Eli Stowers",PHI,"TE33","10","4 out of 5","4 out of 5","4 out of 5 stars","-25","-","-"
"262",9,"LeQuint Allen Jr.",JAC,"RB75","7","2 out of 5","4 out of 5","4 out of 5 stars","+20","-0.4","37% (6/16)"
"263",9,"Chris Brooks",GB,"RB76","11","2 out of 5","4 out of 5","4 out of 5 stars","+71","-0.6","25% (4/16)"
"264",9,"Malachi Fields",NYG,"WR92","8","4 out of 5","3 out of 5","4 out of 5 stars","-21","-","-"
"265",9,"Elijah Sarratt",BAL,"WR93","13","4 out of 5","3 out of 5","4 out of 5 stars","+31","-","-"
"266",9,"Samaje Perine",CIN,"RB77","6","2 out of 5","4 out of 5","2 out of 5 stars","+54","0.0","42% (6/14)"
"267",9,"Christian Kirk",SF,"WR94","8","3 out of 5","4 out of 5","2 out of 5 stars","+21","-2.3","25% (3/12)"
"268",9,"Greg Dulcich",MIA,"TE34","6","4 out of 5","4 out of 5","5 out of 5 stars","-45","+1.9","66% (6/9)"
"269",9,"Kirk Cousins",LV,"QB32","13","2 out of 5","4 out of 5","1 out of 5 stars","-10","-0.1","33% (5/15)"
"270",9,"Malik Davis",DAL,"RB78","14","-","-","4 out of 5 stars","-","+2.0","57% (4/7)"
"271",10,"Michael Penix Jr.",ATL,"QB33","11","1 out of 5","5 out of 5","4 out of 5 stars","-23","-","-"
"272",10,"Darius Slayton",NYG,"WR95","8","2 out of 5","4 out of 5","4 out of 5 stars","-","-1.2","38% (5/13)"
"273",10,"Ty Johnson",BUF,"RB79","7","-","-","2 out of 5 stars","-6","+0.6","37% (6/16)"
"274",10,"Atlanta Falcons",ATL,"DST17","11","-","-","4 out of 5 stars","-29","+0.4","43% (7/16)"
"275",10,"Chris Bell",MIA,"WR96","6","3 out of 5","4 out of 5","3 out of 5 stars","+19","-","-"
"276",10,"Deshaun Watson",CLE,"QB34","11","1 out of 5","5 out of 5","4 out of 5 stars","-8","-","-"
"277",10,"Trey Benson",ARI,"RB80","14","1 out of 5","5 out of 5","2 out of 5 stars","-14","-","-"
"278",10,"Devaughn Vele",NO,"WR97","8","-","-","3 out of 5 stars","+22","-","-"
"279",10,"Kaelon Black",SF,"RB81","8","3 out of 5","4 out of 5","2 out of 5 stars","-18","-","-"
"280",10,"Devin Neal",NO,"RB82","8","2 out of 5","4 out of 5","3 out of 5 stars","+43","-","-"
"281",10,"Will Reichard",MIN,"K17","6","-","-","2 out of 5 stars","-62","+2.1","68% (11/16)"
"282",10,"Shedeur Sanders",CLE,"QB35","11","3 out of 5","4 out of 5","4 out of 5 stars","-33","+1.6","30% (3/10)"
"283",10,"Xavier Legette",CAR,"WR98","5","2 out of 5","4 out of 5","2 out of 5 stars","-","-0.5","28% (4/14)"
"284",10,"Marvin Mims Jr.",DEN,"WR99","10","-","-","2 out of 5 stars","-5","-0.5","42% (6/14)"
"285",10,"San Francisco 49ers",SF,"DST18","8","-","-","3 out of 5 stars","-83","-1.3","43% (7/16)"
"286",10,"Mason Taylor",NYJ,"TE35","13","1 out of 5","4 out of 5","4 out of 5 stars","+1","-0.8","30% (4/13)"
"287",10,"Kaleb Johnson",PIT,"RB83","9","2 out of 5","5 out of 5","2 out of 5 stars","-21","-1.3","21% (3/14)"
"288",10,"Emari Demercado",KC,"RB84","5","1 out of 5","5 out of 5","3 out of 5 stars","+50","-1.1","27% (3/11)"
"289",10,"Brandon Aiyuk",SF,"WR100","8","2 out of 5","5 out of 5","2 out of 5 stars","-80","-","-"
"290",10,"Theo Johnson",NYG,"TE36","8","1 out of 5","5 out of 5","3 out of 5 stars","-48","+0.2","46% (7/15)"
"291",10,"Hollywood Brown",PHI,"WR101","10","-","-","4 out of 5 stars","-","+0.3","60% (9/15)"
"292",10,"Kendre Miller",NO,"RB85","8","2 out of 5","4 out of 5","3 out of 5 stars","-14","-","-"
"293",10,"Keenan Allen",LAC,"WR102","7","2 out of 5","4 out of 5","2 out of 5 stars","-13","-1.4","25% (4/16)"
"294",10,"Devin Singletary",NYG,"RB86","8","-","-","4 out of 5 stars","-11","+1.2","50% (8/16)"
"295",10,"Brashard Smith",KC,"RB87","5","-","-","3 out of 5 stars","-14","-0.3","37% (6/16)"
"296",10,"Jerome Ford",WAS,"RB88","7","-","-","4 out of 5 stars","+34","-","-"
"297",10,"Mack Hollins",NE,"WR103","11","-","-","2 out of 5 stars","-","+1.1","60% (9/15)"
"298",10,"Adam Randall",BAL,"RB89","13","3 out of 5","4 out of 5","3 out of 5 stars","+39","-","-"
"299",10,"Kyle Williams",NE,"WR104","11","-","-","2 out of 5 stars","-14","-0.1","31% (5/16)"
"300",10,"Najee Harris",LAC,"RB90","7","1 out of 5","5 out of 5","3 out of 5 stars","+17","-","-"
"301",10,"Tahj Brooks",CIN,"RB91","6","-","-","2 out of 5 stars","-","-0.8","8% (1/12)"
"302",10,"Trevor Etienne",CAR,"RB92","5","-","-","1 out of 5 stars","-","-0.7","20% (3/15)"
"303",10,"Mike Gesicki",CIN,"TE37","6","-","-","3 out of 5 stars","-14","-0.6","25% (3/12)"
"304",10,"Tyreek Hill",FA,"WR105","-","1 out of 5","5 out of 5","-","-114","-","-"
"305",10,"Isaiah Bond",CLE,"WR106","11","-","-","3 out of 5 stars","-","-0.8","33% (5/15)"
"306",10,"Seth McGowan",IND,"RB93","13","-","-","4 out of 5 stars","+33","-","-"
"307",10,"Ja'Kobi Lane",BAL,"WR107","13","-","-","4 out of 5 stars","-67","-","-"
"308",10,"Skyler Bell",BUF,"WR108","7","-","-","4 out of 5 stars","-2","-","-"
"309",10,"New Orleans Saints",NO,"DST19","8","-","-","5 out of 5 stars","+3","+1.1","50% (8/16)"
"310",10,"Charlie Smyth",NO,"K18","8","-","-","5 out of 5 stars","+12","+4.2","60% (3/5)"
"311",10,"Jarquez Hunter",LAR,"RB94","11","-","-","5 out of 5 stars","-12","-0.8","0% (0/4)"
"312",10,"Isaac Guerendo",SF,"RB95","8","-","-","2 out of 5 stars","-","-1.3","0% (0/13)"
"313",10,"Indianapolis Colts",IND,"DST20","13","-","-","5 out of 5 stars","-22","+0.1","37% (6/16)"
"314",10,"Jaleel McLaughlin",DEN,"RB96","10","-","-","2 out of 5 stars","-","-0.9","14% (1/7)"
"315",10,"Chicago Bears",CHI,"DST21","10","-","-","2 out of 5 stars","-109","+0.3","43% (7/16)"
"316",10,"Audric Estime",NO,"RB97","8","-","-","3 out of 5 stars","-21","+1.0","33% (2/6)"
"317",10,"Chris Brazzell II",CAR,"WR109","5","-","-","2 out of 5 stars","+2","-","-"
"318",10,"Jake Tonges",SF,"TE38","8","-","-","3 out of 5 stars","-58","+1.0","42% (6/14)"
"319",10,"Darnell Washington",PIT,"TE39","9","-","-","2 out of 5 stars","-","+0.5","43% (7/16)"
"320",10,"Will Shipley",PHI,"RB98","10","-","-","4 out of 5 stars","-","-0.6","14% (2/14)"
"321",11,"Joe Mixon",FA,"RB99","-","-","-","-","-8","-","-"
"322",11,"Kareem Hunt",FA,"RB100","-","-","-","-","-24","+0.4","37% (6/16)"
"323",11,"Andrei Iosivas",CIN,"WR110","6","-","-","4 out of 5 stars","-","-0.1","37% (6/16)"
"324",11,"Caleb Douglas",MIA,"WR111","6","-","-","3 out of 5 stars","-22","-","-"
"325",11,"J.J. McCarthy",MIN,"QB36","6","-","-","5 out of 5 stars","-60","-1.0","55% (5/9)"
"326",11,"Cedric Tillman",CLE,"WR112","11","-","-","3 out of 5 stars","-","-2.0","33% (4/12)"
"327",11,"Jahan Dotson",ATL,"WR113","11","-","-","3 out of 5 stars","-23","-0.6","25% (4/16)"
"328",11,"Konata Mumpfield",LAR,"WR114","11","-","-","1 out of 5 stars","-","-0.6","20% (3/15)"
"329",11,"Calvin Austin III",NYG,"WR115","8","-","-","4 out of 5 stars","-","-1.7","30% (4/13)"
"330",11,"Tez Johnson",TB,"WR116","10","-","-","4 out of 5 stars","-","+0.8","42% (6/14)"
"331",11,"Jalen Tolbert",MIA,"WR117","6","-","-","3 out of 5 stars","-61","-0.3","36% (4/11)"
"332",11,"Luke McCaffrey",WAS,"WR118","7","-","-","2 out of 5 stars","-","+0.3","55% (5/9)"
"333",11,"Jalen Royals",KC,"WR119","5","-","-","2 out of 5 stars","-","-1.9","0% (0/4)"
"334",11,"Cyrus Allen",KC,"WR120","5","-","-","2 out of 5 stars","-37","-","-"
"335",11,"Max Klare",LAR,"TE40","11","-","-","4 out of 5 stars","-26","-","-"
"336",11,"Elijah Arroyo",SEA,"TE41","11","-","-","3 out of 5 stars","-","-","-"
"337",11,"Noah Gray",KC,"TE42","5","-","-","4 out of 5 stars","-","-1.2","33% (5/15)"
"338",11,"Bam Knight",ARI,"RB101","14","-","-","2 out of 5 stars","-","-","-"
"339",11,"Carolina Panthers",CAR,"DST22","5","-","-","3 out of 5 stars","-32","+1.0","43% (7/16)"
"340",11,"Carson Beck",ARI,"QB37","14","-","-","2 out of 5 stars","-76","-","-"
"341",11,"Mac Jones",SF,"QB38","8","-","-","1 out of 5 stars","-","+0.7","26% (4/15)"
"342",11,"DeMario Douglas",NE,"WR121","11","-","-","2 out of 5 stars","-","-0.8","25% (4/16)"
"343",11,"Erick All Jr.",CIN,"TE43","6","-","-","3 out of 5 stars","-","-","-"
"344",11,"Cole Kmet",CHI,"TE44","10","-","-","2 out of 5 stars","-","+0.2","46% (7/15)"
"345",11,"Olamide Zaccheaus",ATL,"WR122","11","-","-","3 out of 5 stars","-","-0.6","40% (6/15)"
"346",11,"Treylon Burks",WAS,"WR123","7","-","-","2 out of 5 stars","-","-0.5","50% (3/6)"
"347",11,"Tyler Higbee",LAR,"TE45","11","-","-","4 out of 5 stars","-","-0.4","40% (4/10)"
"348",11,"Eli Heidenreich",PIT,"RB102","9","-","-","2 out of 5 stars","-","-","-"
"349",11,"Ja'Tavion Sanders",CAR,"TE46","5","-","-","2 out of 5 stars","-","-1.1","30% (4/13)"
"350",11,"Michael Mayer",LV,"TE47","13","-","-","3 out of 5 stars","-17","-0.5","33% (4/12)"
"351",11,"Jake Elliott",PHI,"K19","10","-","-","5 out of 5 stars","-133","-0.4","37% (6/16)"
"352",11,"Dawson Knox",BUF,"TE48","7","-","-","3 out of 5 stars","-","+1.4","56% (9/16)"
"353",11,"Brenen Thompson",LAC,"WR124","7","-","-","2 out of 5 stars","-25","-","-"
"354",11,"Joshua Palmer",BUF,"WR125","7","-","-","4 out of 5 stars","-","-1.7","18% (2/11)"
"355",11,"Bryce Lance",NO,"WR126","8","-","-","3 out of 5 stars","-","-","-"
"356",11,"Justin Fields",KC,"QB39","5","-","-","2 out of 5 stars","-82","-","-"
"357",11,"Raheim Sanders",CLE,"RB103","11","-","-","3 out of 5 stars","-","0.0","33% (1/3)"
"358",11,"Michael Carter",TEN,"RB104","9","-","-","3 out of 5 stars","-","+0.3","50% (5/10)"
"359",11,"Ty Simpson",LAR,"QB40","11","-","-","3 out of 5 stars","-44","-","-"
"360",11,"Dont'e Thornton Jr.",LV,"WR127","13","-","-","2 out of 5 stars","-","-2.9","0% (0/14)"
"361",11,"Kendrick Bourne",ARI,"WR128","14","-","-","2 out of 5 stars","-","-0.4","33% (5/15)"
"362",11,"Dallas Cowboys",DAL,"DST23","14","-","-","1 out of 5 stars","-166","-3.1","25% (4/16)"
"363",11,"Jawhar Jordan",HOU,"RB105","8","-","-","4 out of 5 stars","-","+0.1","50% (1/2)"
"364",11,"Jaylin Lane",WAS,"WR129","7","-","-","2 out of 5 stars","-","-","-"
"365",11,"J'Mari Taylor",JAC,"RB106","7","-","-","4 out of 5 stars","-","-","-"
"366",11,"John Metchie III",CAR,"WR130","5","-","-","2 out of 5 stars","-","+0.1","33% (5/15)"
"367",11,"Anthony Richardson Sr.",IND,"QB41","13","-","-","4 out of 5 stars","-","-0.1","16% (1/6)"
"368",11,"Noah Fant",NO,"TE49","8","-","-","2 out of 5 stars","-","-0.3","28% (4/14)"
"369",11,"Nick Chubb",FA,"RB107","-","-","-","-","-","-1.3","26% (4/15)"
"370",11,"Eli Raridon",NE,"TE50","11","-","-","4 out of 5 stars","-35","-","-"
"371",11,"Xavier Hutchinson",HOU,"WR131","8","-","-","3 out of 5 stars","-","+0.4","43% (7/16)"
"372",11,"Luke Musgrave",GB,"TE51","11","-","-","2 out of 5 stars","-","-1.1","25% (4/16)"
"373",11,"Savion Williams",GB,"WR132","11","-","-","5 out of 5 stars","-","-0.5","41% (5/12)"
"374",11,"Justin Joly",DEN,"TE52","10","-","-","4 out of 5 stars","-","-","-"
"375",11,"Kalif Raymond",CHI,"WR133","10","-","-","3 out of 5 stars","-","+0.9","50% (7/14)"
"376",11,"KaVontae Turpin",DAL,"WR134","14","-","-","2 out of 5 stars","-","+0.9","42% (6/14)"
"377",11,"Austin Ekeler",FA,"RB108","-","-","-","-","-121","-","-"
"378",11,"New York Giants",NYG,"DST24","8","-","-","1 out of 5 stars","-175","-1.8","25% (4/16)"
"379",11,"Tampa Bay Buccaneers",TB,"DST25","10","-","-","4 out of 5 stars","-74","-0.7","25% (4/16)"
"380",11,"Tyler Bass",BUF,"K20","7","-","-","2 out of 5 stars","-126","-","-"
"381",12,"Dameon Pierce",PHI,"RB109","10","-","-","4 out of 5 stars","-","-0.9","25% (1/4)"
"382",12,"Deion Burks",IND,"WR135","13","-","-","4 out of 5 stars","-","-","-"
"383",12,"Zane Gonzalez",MIA,"K21","6","-","-","2 out of 5 stars","-","+3.0","75% (6/8)"
"384",12,"Nick Westbrook-Ikhine",IND,"WR136","13","-","-","4 out of 5 stars","-","-2.9","0% (0/13)"
"385",12,"Tommy Tremble",CAR,"TE53","5","-","-","2 out of 5 stars","-","-0.3","31% (5/16)"
"386",12,"Ben Sinnott",WAS,"TE54","7","-","-","1 out of 5 stars","-","+0.1","40% (6/15)"
"387",12,"Mitchell Evans",CAR,"TE55","5","-","-","2 out of 5 stars","-","+0.8","56% (9/16)"
"388",12,"Phil Mafah",DAL,"RB110","14","-","-","4 out of 5 stars","-","-","-"
"389",12,"Tutu Atwell",MIA,"WR137","6","-","-","3 out of 5 stars","-64","-0.6","22% (2/9)"
"390",12,"Jam Miller",NE,"RB111","11","-","-","2 out of 5 stars","-","-","-"
"391",12,"Kevin Coleman Jr.",MIA,"WR138","6","-","-","3 out of 5 stars","-","-","-"
"392",12,"Jordan Whittington",LAR,"WR139","11","-","-","1 out of 5 stars","-","-1.2","18% (3/16)"
"393",12,"Rasheen Ali",BAL,"RB112","13","-","-","3 out of 5 stars","-","+0.5","35% (5/14)"
"394",12,"Roschon Johnson",CHI,"RB113","10","-","-","2 out of 5 stars","-","-0.8","16% (1/6)"
"395",12,"Kyle Juszczyk",SF,"RB114","8","-","-","2 out of 5 stars","-","-","-"
"396",12,"Devontez Walker",BAL,"WR140","13","-","-","4 out of 5 stars","-","-","-"
"397",12,"Joe Milton III",DAL,"QB42","14","-","-","2 out of 5 stars","-","-0.1","7% (1/14)"
"398",12,"Zavion Thomas",CHI,"WR141","10","-","-","3 out of 5 stars","-","-","-"
"399",12,"Terrell Jennings",NE,"RB115","11","-","-","2 out of 5 stars","-","-","-"
"400",12,"Trey Smack",GB,"K22","11","-","-","4 out of 5 stars","-","-","-"
"401",12,"Austin Hooper",ATL,"TE56","11","-","-","3 out of 5 stars","-","+0.2","46% (7/15)"
"402",12,"Ashton Dulin",IND,"WR142","13","-","-","4 out of 5 stars","-","-","-"
"403",12,"Daniel Bellinger",TEN,"TE57","9","-","-","3 out of 5 stars","-","-","-"
"404",12,"Miami Dolphins",MIA,"DST26","6","-","-","3 out of 5 stars","-73","+0.1","56% (9/16)"
"405",12,"Dyami Brown",WAS,"WR143","7","-","-","2 out of 5 stars","-","-1.5","27% (3/11)"
"406",12,"Joe Flacco",CIN,"QB43","6","-","-","3 out of 5 stars","-","+0.9","33% (5/15)"
"407",12,"Sione Vaki",DET,"RB116","6","-","-","5 out of 5 stars","-","-","-"
"408",12,"Adam Trautman",DEN,"TE58","10","-","-","4 out of 5 stars","-","-0.4","37% (6/16)"
"409",12,"Elijah Higgins",ARI,"TE59","14","-","-","2 out of 5 stars","-","+0.1","43% (7/16)"
"410",12,"Zavier Scott",MIN,"RB117","6","-","-","4 out of 5 stars","-","0.0","40% (6/15)"
"411",12,"Cincinnati Bengals",CIN,"DST27","6","-","-","4 out of 5 stars","-100","-1.5","25% (4/16)"
"412",12,"John Bates",WAS,"TE60","7","-","-","1 out of 5 stars","-","-0.8","28% (4/14)"
"413",12,"Darren Waller",FA,"TE61","-","-","-","-","-","+1.4","33% (3/9)"
"414",12,"Marcus Mariota",WAS,"QB44","7","-","-","2 out of 5 stars","-","0.0","33% (5/15)"
"415",12,"Greg Dortch",DET,"WR144","6","-","-","4 out of 5 stars","-","+1.4","50% (6/12)"
"416",12,"Charlie Kolar",LAC,"TE62","7","-","-","4 out of 5 stars","-","-","-"
"417",12,"Jaret Patterson",LAC,"RB118","7","-","-","3 out of 5 stars","-","+0.3","33% (2/6)"
"418",12,"Tennessee Titans",TEN,"DST28","9","-","-","2 out of 5 stars","-110","-0.2","37% (6/16)"
"419",12,"Jonnu Smith",FA,"TE63","-","-","-","-","-","-1.0","25% (4/16)"
"420",12,"Zach Ertz",FA,"TE64","-","-","-","-","-","-","-"
"421",12,"CJ Daniels",LAR,"WR145","11","-","-","1 out of 5 stars","-","-","-"
"422",12,"Jeremy McNichols",WAS,"RB119","7","-","-","4 out of 5 stars","-","-1.0","37% (6/16)"
"423",12,"Tommy Myers",FA,"TE65","-","-","-","-","-","-","-"
"424",12,"Tyler Goodson",ATL,"RB120","11","-","-","2 out of 5 stars","-","-","-"
"425",12,"Antonio Gibson",FA,"RB121","-","-","-","-","-","-","-"
"426",12,"Mo Alie-Cox",IND,"TE66","13","-","-","3 out of 5 stars","-","-","-"
"427",12,"Josh Oliver",MIN,"TE67","6","-","-","4 out of 5 stars","-","+0.6","28% (4/14)"
"428",12,"Blake Grupe",IND,"K23","13","-","-","4 out of 5 stars","-","+1.0","40% (6/15)"
"429",12,"Nick Folk",ATL,"K24","11","-","-","0 out of 5 stars","-192","+1.2","50% (8/16)"
"430",12,"Mitch Tinsley",CIN,"WR146","6","-","-","4 out of 5 stars","-","-","-"
"431",12,"Ronnie Rivers",LAR,"RB122","11","-","-","5 out of 5 stars","-","-","-"
"432",12,"Washington Commanders",WAS,"DST29","7","-","-","2 out of 5 stars","-","-1.7","37% (6/16)"
"433",12,"Jameis Winston",NYG,"QB45","8","-","-","4 out of 5 stars","-","+3.1","20% (1/5)"
"434",12,"Ty Chandler",NO,"RB123","8","-","-","3 out of 5 stars","-","-","-"
"435",12,"Dylan Laube",LV,"RB124","13","-","-","2 out of 5 stars","-","-","-"
"436",12,"Jaydn Ott",KC,"RB125","5","-","-","3 out of 5 stars","-","-","-"
"437",12,"Robert Henry Jr.",WAS,"RB126","7","-","-","4 out of 5 stars","-","-","-"
"438",12,"Drew Sample",CIN,"TE68","6","-","-","3 out of 5 stars","-","-0.2","25% (4/16)"
"439",12,"Hunter Luepke",DAL,"RB127","14","-","-","4 out of 5 stars","-","-","-"
"440",12,"Luke Schoonmaker",DAL,"TE69","14","-","-","2 out of 5 stars","-","-","-"
"441",12,"Roman Hemby",LV,"RB128","13","-","-","2 out of 5 stars","-","-","-"
"442",12,"Jacob Saylors",DET,"RB129","6","-","-","5 out of 5 stars","-","-","-"
"443",12,"Jake Bobo",SEA,"WR147","11","-","-","3 out of 5 stars","-","-","-"
"444",12,"Khalil Herbert",SF,"RB130","8","-","-","2 out of 5 stars","-","-","-"
"445",12,"Tim Patrick",NYJ,"WR148","13","-","-","4 out of 5 stars","-","+1.0","46% (6/13)"
"446",12,"Cash Jones",ATL,"RB131","11","-","-","2 out of 5 stars","-","-","-"
"447",12,"AJ Dillon",CAR,"RB132","5","-","-","1 out of 5 stars","-","-0.3","28% (2/7)"
"448",12,"Elijah Tau-Tolliver",BAL,"RB133","13","-","-","3 out of 5 stars","-","-","-"
"449",12,"Raheem Mostert",LV,"RB134","13","-","-","2 out of 5 stars","-","-1.2","16% (2/12)"
"450",12,"Damien Martinez",GB,"RB135","11","-","-","4 out of 5 stars","-","-","-"
"451",12,"Noah Whittington",HOU,"RB136","8","-","-","4 out of 5 stars","-","-","-"
"452",12,"Myles Montgomery",NE,"RB137","11","-","-","2 out of 5 stars","-","-","-"
"453",12,"Frank Gore Jr.",BUF,"RB138","7","-","-","2 out of 5 stars","-","-","-"
"454",12,"Malik Benson",LV,"WR149","13","-","-","2 out of 5 stars","-","-","-"
"455",12,"Jahdae Walker",CHI,"WR150","10","-","-","3 out of 5 stars","-","+4.9","100% (2/2)"
"456",12,"Scotty Miller",CHI,"WR151","10","-","-","3 out of 5 stars","-","-","-"
"457",12,"Ben Sauls",NYG,"K25","8","-","-","2 out of 5 stars","-","+1.3","50% (1/2)"
"458",12,"Roman Wilson",PIT,"WR152","9","-","-","3 out of 5 stars","-","-","-"
"459",12,"KeAndre Lambert-Smith",LAC,"WR153","7","-","-","2 out of 5 stars","-","-0.2","22% (2/9)"
"460",12,"Tyler Lockett",LV,"WR154","13","-","-","2 out of 5 stars","-","-0.5","37% (6/16)"
"461",12,"Demarcus Robinson",SF,"WR155","8","-","-","2 out of 5 stars","-","-0.6","38% (5/13)"
"462",12,"Spencer Shrader",IND,"K26","13","-","-","4 out of 5 stars","-","-","-"
"463",12,"Marquez Valdes-Scantling",DAL,"WR156","14","-","-","2 out of 5 stars","-","-1.4","22% (2/9)"
"464",12,"Brandon McManus",FA,"K27","-","-","-","-","-","+0.8","61% (8/13)"
"465",12,"Colbie Young",CIN,"WR157","6","-","-","4 out of 5 stars","-","-","-"
"466",12,"Joey Slye",TEN,"K28","9","-","-","4 out of 5 stars","-","+2.7","66% (10/15)"
"467",12,"Jake Moody",WAS,"K29","7","-","-","5 out of 5 stars","-","+2.9","62% (5/8)"
"468",12,"Las Vegas Raiders",LV,"DST30","13","-","-","4 out of 5 stars","-141","-2.0","18% (3/16)"
"469",12,"Pierre Strong Jr.",GB,"RB139","11","-","-","4 out of 5 stars","-","-","-"
"470",12,"Miles Sanders",FA,"RB140","-","-","-","-","-","-","-"
"471",12,"Marlin Klein",HOU,"TE70","8","-","-","4 out of 5 stars","-","-","-"
"472",13,"Durham Smythe",BAL,"TE71","13","-","-","4 out of 5 stars","-","-","-"
"473",13,"Brock Wright",DET,"TE72","6","-","-","3 out of 5 stars","-","0.0","27% (3/11)"
"474",13,"Tanner Hudson",CIN,"TE73","6","-","-","3 out of 5 stars","-","-","-"
"475",13,"Jackson Hawes",BUF,"TE74","7","-","-","3 out of 5 stars","-","+1.2","56% (9/16)"
"476",13,"Donovan Edwards",MIA,"RB141","6","-","-","3 out of 5 stars","-","-","-"
"477",13,"Nate Boerkircher",JAC,"TE75","7","-","-","3 out of 5 stars","-","-","-"
"478",13,"Elijah Mitchell",PHI,"RB142","10","-","-","4 out of 5 stars","-","-","-"
"479",13,"Xavier Smith",LAR,"WR158","11","-","-","1 out of 5 stars","-","+0.9","40% (4/10)"
"480",13,"Kalel Mullings",TEN,"RB143","9","-","-","3 out of 5 stars","-","-0.4","12% (1/8)"
"481",13,"Ameer Abdullah",JAC,"RB144","7","-","-","4 out of 5 stars","-","-","-"
"482",13,"Miles Davis",CAR,"RB145","5","-","-","1 out of 5 stars","-","-","-"
"483",13,"Chip Trayanum",NYJ,"RB146","13","-","-","3 out of 5 stars","-","-","-"
"484",13,"Jacardia Wright",SEA,"RB147","11","-","-","4 out of 5 stars","-","-","-"
"485",13,"Reggie Gilliam",NE,"RB148","11","-","-","2 out of 5 stars","-","-","-"
"486",13,"Reggie Virgil",ARI,"WR159","14","-","-","2 out of 5 stars","-","-","-"
"487",13,"Lil'Jordan Humphrey",DEN,"WR160","10","-","-","2 out of 5 stars","-","-0.2","37% (3/8)"
"488",13,"Chad Ryland",ARI,"K30","14","-","-","2 out of 5 stars","-","+0.8","53% (8/15)"
"489",13,"Tai Felton",MIN,"WR161","6","-","-","5 out of 5 stars","-","-","-"
"490",13,"Desmond Reid",FA,"RB149","-","-","-","-","-","-","-"
"491",13,"Dontae McMillan",BAL,"RB150","13","-","-","3 out of 5 stars","-","-","-"
"492",13,"Kenny McIntosh",FA,"RB151","-","-","-","-","-","-","-"
"493",13,"Jakobie Keeney-James",PIT,"WR162","9","-","-","3 out of 5 stars","-","-","-"
"494",13,"Ryan Fitzgerald",CAR,"K31","5","-","-","0 out of 5 stars","-","+0.1","43% (7/16)"
"495",13,"Daniel Carlson",LV,"K32","13","-","-","1 out of 5 stars","-","-1.0","31% (5/16)"
"496",13,"Cade Klubnik",NYJ,"QB46","13","-","-","4 out of 5 stars","-","-","-"
"497",13,"Cam Akers",FA,"RB152","-","-","-","-","-","-","-"
"498",13,"Kevin Austin Jr.",NO,"WR163","8","-","-","3 out of 5 stars","-","+0.5","25% (1/4)"
"499",13,"Mecole Hardman Jr.",BUF,"WR164","7","-","-","4 out of 5 stars","-","-","-"
"500",13,"Odell Beckham Jr.",NYG,"WR165","8","-","-","4 out of 5 stars","-","-","-"
"501",13,"Corey Kiner",ARI,"RB153","14","-","-","2 out of 5 stars","-","-0.9","50% (2/4)"
"502",13,"Xavier Restrepo",TEN,"WR166","9","-","-","3 out of 5 stars","-","-","-"
"503",13,"Theo Wease Jr.",MIA,"WR167","6","-","-","3 out of 5 stars","-","+11.4","100% (1/1)"
"504",13,"Kendric Pryor",CIN,"WR168","6","-","-","4 out of 5 stars","-","-","-"
"505",13,"Michael Woods II",DEN,"WR169","10","-","-","2 out of 5 stars","-","-","-"
"506",13,"Anthony Gould",IND,"WR170","13","-","-","4 out of 5 stars","-","-","-"
"507",13,"Travis Homer",PIT,"RB154","9","-","-","2 out of 5 stars","-","-","-"
"508",13,"Jeshaun Jones",MIN,"WR171","6","-","-","5 out of 5 stars","-","-","-"
"509",13,"David Sills V",TB,"WR172","10","-","-","4 out of 5 stars","-","-0.3","33% (4/12)"
"510",13,"Jordan Watkins",SF,"WR173","8","-","-","2 out of 5 stars","-","-","-"
"511",13,"Arizona Cardinals",ARI,"DST31","14","-","-","2 out of 5 stars","-185","-0.8","31% (5/16)"
"512",13,"Quinn Ewers",MIA,"QB47","6","-","-","3 out of 5 stars","-","-2.6","50% (1/2)"
"513",13,"New York Jets",NYJ,"DST32","13","-","-","4 out of 5 stars","-184","-2.6","25% (4/16)"
"514",13,"Albert Okwuegbunam Jr.",LV,"TE76","13","-","-","3 out of 5 stars","-","-","-"
"515",13,"Tyler Conklin",DET,"TE77","6","-","-","3 out of 5 stars","-","-1.4","23% (3/13)"
"516",13,"Will Kacmarek",MIA,"TE78","6","-","-","5 out of 5 stars","-","-","-"
"517",13,"Matt Hibner",BAL,"TE79","13","-","-","4 out of 5 stars","-","-","-"
"518",13,"Cade Stover",HOU,"TE80","8","-","-","4 out of 5 stars","-","-0.4","37% (3/8)"
"519",13,"Nate Adkins",DEN,"TE81","10","-","-","4 out of 5 stars","-","-","-"
"520",13,"Michael Trigg",DAL,"TE82","14","-","-","2 out of 5 stars","-210","-","-"
"521",13,"Will Dissly",FA,"TE83","-","-","-","-","-","-0.7","25% (2/8)"
"522",13,"Derius Davis",LAC,"WR174","7","-","-","2 out of 5 stars","-","-","-"
"523",13,"Moliki Matavao",NO,"TE84","8","-","-","2 out of 5 stars","-","-","-"
"524",13,"Will Mallory",IND,"TE85","13","-","-","3 out of 5 stars","-","-","-"
"525",13,"Salvon Ahmed",CHI,"RB155","10","-","-","2 out of 5 stars","-","-","-"
"526",13,"Tanner Koziol",JAC,"TE86","7","-","-","3 out of 5 stars","-","-","-"
"527",13,"Alexander Mattison",FA,"RB156","-","-","-","-","-213","-","-"
"528",13,"Jordan Waters",LAR,"RB157","11","-","-","5 out of 5 stars","-","-","-"
"529",13,"Brittain Brown",CHI,"RB158","10","-","-","2 out of 5 stars","-","-","-"
"530",13,"Miles Kitselman",DET,"TE87","6","-","-","3 out of 5 stars","-","-","-"
"531",13,"Jordan Akins",FA,"TE88","-","-","-","-","-","-","-"
"532",13,"Alec Ingold",LAC,"RB159","7","-","-","3 out of 5 stars","-","-","-"
"533",13,"Sterling Shepard",FA,"WR175","-","-","-","-","-","-0.5","38% (5/13)"
"534",13,"Khalil Dinkins",FA,"TE89","-","-","-","-","-","-","-"
"535",13,"Sincere McCormick",SF,"RB160","8","-","-","2 out of 5 stars","-","-","-"
"536",13,"Foster Moreau",HOU,"TE90","8","-","-","4 out of 5 stars","-","-1.5","18% (2/11)"
"537",13,"Zay Jones",FA,"WR176","-","-","-","-","-","-","-"
"538",13,"Patrick Ricard",NYG,"RB161","8","-","-","4 out of 5 stars","-","-","-"
"539",13,"Evan Hull",ARI,"RB162","14","-","-","2 out of 5 stars","-","-2.4","0% (0/5)"
"540",13,"Jimmy Horn Jr.",CAR,"WR177","5","-","-","2 out of 5 stars","-","-","-"
"541",13,"Adam Prentice",DEN,"RB163","10","-","-","2 out of 5 stars","-","-","-"
"542",13,"Elijah Moore",PHI,"WR178","10","-","-","4 out of 5 stars","-","-","-"
"543",13,"Dean Connors",LAR,"RB164","11","-","-","5 out of 5 stars","-","-","-"
"544",13,"British Brooks",HOU,"RB165","8","-","-","4 out of 5 stars","-","-","-"
"545",13,"Max Bredeson",MIN,"RB166","6","-","-","4 out of 5 stars","-","-","-"
"546",13,"Zamir White",LV,"RB167","13","-","-","2 out of 5 stars","-","-1.2","0% (0/5)"
"547",13,"Myles Price",MIN,"WR179","6","-","-","5 out of 5 stars","-","-","-"
"548",13,"Dohnte Meyers",CIN,"WR180","6","-","-","4 out of 5 stars","-","-","-"
"549",13,"Brandin Cooks",FA,"WR181","-","-","-","-","-","-1.2","20% (3/15)"
"550",13,"Jacob Cowing",SF,"WR182","8","-","-","2 out of 5 stars","-","-","-"
"551",13,"Tyler Badie",DEN,"RB168","10","-","-","2 out of 5 stars","-","-0.6","40% (6/15)"
"552",13,"Van Jefferson",WAS,"WR183","7","-","-","2 out of 5 stars","-","-0.1","37% (6/16)"
"553",13,"Isaiah Williams",FA,"WR184","-","-","-","-","-","-","-"
"554",13,"Ronnie Bell",NO,"WR185","8","-","-","3 out of 5 stars","-","-","-"
"555",13,"Kendrick Law",DET,"WR186","6","-","-","4 out of 5 stars","-","-","-"
"556",13,"Josh Reynolds",FA,"WR187","-","-","-","-","-","-1.0","40% (2/5)"
"557",13,"Michael Burton",CLE,"RB169","11","-","-","3 out of 5 stars","-","-","-"
"558",13,"Quez Watkins",PHI,"WR188","10","-","-","4 out of 5 stars","-","-","-"
"559",13,"Montorie Foster Jr.",SEA,"WR189","11","-","-","3 out of 5 stars","-","-","-"
"560",13,"Michael Bandy",DEN,"WR190","10","-","-","2 out of 5 stars","-","-","-"
"561",13,"Skyy Moore",GB,"WR191","11","-","-","5 out of 5 stars","-","-","-"
"562",13,"Russell Gage Jr.",FA,"WR192","-","-","-","-","-","-","-"
"563",13,"Royce Freeman",FA,"RB170","-","-","-","-","-","-","-"
"564",13,"Ja'Quinden Jackson",FA,"RB171","-","-","-","-","-","-","-"
"565",13,"Lew Nichols III",PIT,"RB172","9","-","-","2 out of 5 stars","-","-","-"
"566",13,"Clyde Edwards-Helaire",FA,"RB173","-","-","-","-","-","-","-"
"567",13,"Efton Chism III",NE,"WR193","11","-","-","2 out of 5 stars","-","-","-"
"568",13,"Patrick Taylor Jr.",SF,"RB174","8","-","-","2 out of 5 stars","-","-","-"
"569",13,"Barion Brown",NO,"WR194","8","-","-","3 out of 5 stars","-","-","-"
"570",13,"DeAndre Hopkins",BAL,"WR195","13","-","-","4 out of 5 stars","-","-0.5","31% (5/16)"
"571",13,"Jake Browning",TB,"QB48","10","-","-","2 out of 5 stars","-","+0.9","27% (3/11)"
"572",13,"Myles Gaskin",FA,"RB175","-","-","-","-","-","-","-"
"573",13,"Kye Robichaux",DET,"RB176","6","-","-","5 out of 5 stars","-","-","-"
"574",13,"Joshua Pitsenberger",HOU,"RB177","8","-","-","4 out of 5 stars","-","-","-"
"575",13,"Jamal Haynes",CIN,"RB178","6","-","-","2 out of 5 stars","-","-","-"
"576",13,"Taylen Green",CLE,"QB49","11","-","-","4 out of 5 stars","-","-","-"
"577",13,"Jermar Jefferson",FA,"RB179","-","-","-","-","-","-","-"
"578",13,"J. Michael Sturdivant",GB,"WR196","11","-","-","5 out of 5 stars","-","-","-"
"579",13,"Drew Allar",PIT,"QB50","9","-","-","2 out of 5 stars","-","-","-"
"580",13,"Arian Smith",NYJ,"WR197","13","-","-","4 out of 5 stars","-","-1.9","7% (1/14)"
"581",13,"Gardner Minshew II",ARI,"QB51","14","-","-","2 out of 5 stars","-","-","-"
"582",13,"Michael Briscoe",MIN,"WR198","6","-","-","5 out of 5 stars","-","-","-"
"583",13,"Diontae Johnson",FA,"WR199","-","-","-","-","-","-","-"
"584",13,"Will Howard",PIT,"QB52","9","-","-","2 out of 5 stars","-","-","-"
"585",13,"Cedrick Wilson Jr.",DET,"WR200","6","-","-","4 out of 5 stars","-","-","-"
"586",13,"Curtis Samuel",FA,"WR201","-","-","-","-","-","-0.1","20% (1/5)"
"587",14,"Trey Lance",LAC,"QB53","7","-","-","2 out of 5 stars","-","+0.1","21% (3/14)"
"588",14,"Riley Leonard",IND,"QB54","13","-","-","4 out of 5 stars","-","-0.4","0% (0/3)"
"589",14,"Tahj Washington",MIA,"WR202","6","-","-","3 out of 5 stars","-","-","-"
"590",14,"Coleman Owen",IND,"WR203","13","-","-","4 out of 5 stars","-","-","-"
"591",14,"Montrell Johnson Jr.",FA,"RB180","-","-","-","-","-","-","-"
"592",14,"DeeJay Dallas",JAC,"RB181","7","-","-","4 out of 5 stars","-","-","-"
"593",14,"Ainias Smith",FA,"WR204","-","-","-","-","-","-","-"
"594",14,"Velus Jones Jr.",SEA,"WR205","11","-","-","3 out of 5 stars","-","-","-"
"595",14,"Bub Means",NO,"WR206","8","-","-","3 out of 5 stars","-","-","-"
"596",14,"Michael Wortham",JAC,"WR207","7","-","-","4 out of 5 stars","-","-","-"
"597",14,"Jared Wayne",HOU,"WR208","8","-","-","3 out of 5 stars","-","-","-"
"598",14,"Dominic Lovett",DET,"WR209","6","-","-","4 out of 5 stars","-","-","-"
"599",14,"Jaheim Bell",PIT,"TE91","9","-","-","2 out of 5 stars","-","-","-"
"600",14,"EJ Smith",KC,"RB182","5","-","-","3 out of 5 stars","-","-","-"
"601",14,"Jermaine Burton",FA,"WR210","-","-","-","-","-","-","-"
"602",14,"Maurice Alexander",CHI,"WR211","10","-","-","3 out of 5 stars","-","-","-"
"603",14,"Mason Rudolph",PIT,"QB55","9","-","-","2 out of 5 stars","-","-0.3","14% (2/14)"
"604",14,"Terrace Marshall Jr.",MIA,"WR212","6","-","-","3 out of 5 stars","-","-","-"
"605",14,"Tyler Scott",LAR,"WR213","11","-","-","1 out of 5 stars","-","-","-"
"606",14,"Jeff Wilson Jr.",FA,"RB183","-","-","-","-","-","-","-"
"607",14,"Will Levis",TEN,"QB56","9","-","-","3 out of 5 stars","-","-","-"
"608",14,"K.J. Osborn",TEN,"WR214","9","-","-","3 out of 5 stars","-","-","-"
"609",14,"Joshua Cephus",FA,"WR215","-","-","-","-","-","-","-"
"610",14,"Chase Edmonds",WAS,"RB184","7","-","-","4 out of 5 stars","-","-","-"
"611",14,"Jalen Reagor",MIA,"WR216","6","-","-","3 out of 5 stars","-","-","-"
"612",14,"Deontay Burnett",FA,"WR217","-","-","-","-","-","-","-"
"613",14,"Chris Blair",ATL,"WR218","11","-","-","3 out of 5 stars","-","-","-"
"614",14,"Noah Brown",FA,"WR219","-","-","-","-","-","-","-"
"615",14,"Jabari Small",DET,"RB185","6","-","-","5 out of 5 stars","-","-","-"
"616",14,"Trayveon Williams",FA,"RB186","-","-","-","-","-","-0.5","40% (2/5)"
"617",14,"Brandon Johnson",LV,"WR220","13","-","-","2 out of 5 stars","-","-","-"
"618",14,"Nathan Carter",ATL,"RB187","11","-","-","2 out of 5 stars","-","-","-"
"619",14,"Davon Booth",CLE,"RB188","11","-","-","3 out of 5 stars","-","-","-"
"620",14,"Gus Edwards",FA,"RB189","-","-","-","-","-","-","-"
"621",14,"Darrynton Evans",FA,"RB190","-","-","-","-","-","-","-"
"622",14,"Dare Ogunbowale",FA,"RB191","-","-","-","-","-","-0.3","25% (4/16)"
"623",14,"Tyrion Davis-Price",FA,"RB192","-","-","-","-","-","-","-"
"624",14,"D'Onta Foreman",FA,"RB193","-","-","-","-","-","-","-"
"625",14,"Hassan Haskins",LAC,"RB194","7","-","-","3 out of 5 stars","-","-1.8","10% (1/10)"
"626",14,"Devin Duvernay",ARI,"WR221","14","-","-","2 out of 5 stars","-","-","-"
"627",14,"Taysom Hill",FA,"TE92","-","-","-","-","-","+0.4","50% (6/12)"
"628",14,"Jeremy Ruckert",NYJ,"TE93","13","-","-","4 out of 5 stars","-","-0.1","43% (7/16)"
"629",14,"CJ Donaldson",NO,"RB195","8","-","-","3 out of 5 stars","-","-","-"
"630",14,"Sam Roush",CHI,"TE94","10","-","-","2 out of 5 stars","-","-","-"
"631",14,"Joe Royer",CLE,"TE95","11","-","-","3 out of 5 stars","-","-","-"
"632",14,"Seydou Traore",MIA,"TE96","6","-","-","5 out of 5 stars","-","-","-"
"633",14,"Jack Endries",CIN,"TE97","6","-","-","3 out of 5 stars","-","-","-"
"634",14,"Jared Wiley",KC,"TE98","5","-","-","4 out of 5 stars","-","-0.3","0% (0/3)"
"635",14,"Bauer Sharp",TB,"TE99","10","-","-","2 out of 5 stars","-","-","-"
"636",14,"Josh Whyle",GB,"TE100","11","-","-","2 out of 5 stars","-","-","-"
"637",14,"Tip Reiman",ARI,"TE101","14","-","-","2 out of 5 stars","-","-","-"
"638",14,"Charlie Woerner",ATL,"TE102","11","-","-","3 out of 5 stars","-","-","-"
"639",14,"Thomas Fidone II",NYG,"TE103","8","-","-","3 out of 5 stars","-","-","-"
"640",14,"Davis Allen",LAR,"TE104","11","-","-","4 out of 5 stars","-","+0.2","37% (6/16)"
"641",14,"Payne Durham",TB,"TE105","10","-","-","2 out of 5 stars","-","-","-"
"642",14,"Josh Cuevas",BAL,"TE106","13","-","-","4 out of 5 stars","-","-","-"
"643",14,"Eric Saubert",SEA,"TE107","11","-","-","3 out of 5 stars","-","-","-"
"644",14,"Julian Hill",NE,"TE108","11","-","-","4 out of 5 stars","-","-","-"
"645",14,"Kylen Granson",TEN,"TE109","9","-","-","3 out of 5 stars","-","-","-"
"646",14,"Luke Farrell",SF,"TE110","8","-","-","3 out of 5 stars","-","-","-"
"647",14,"Brevyn Spann-Ford",DAL,"TE111","14","-","-","2 out of 5 stars","-","-","-"
"648",14,"Ben Sims",MIA,"TE112","6","-","-","5 out of 5 stars","-","-","-"
"649",14,"Stone Smartt",PHI,"TE113","10","-","-","4 out of 5 stars","-","0.0","7% (1/13)"
"650",14,"Devin Culp",TB,"TE114","10","-","-","2 out of 5 stars","-","-","-"
"651",14,"Connor Heyward",LV,"TE115","13","-","-","3 out of 5 stars","-","-","-"
"652",14,"Andrew Beck",NYJ,"TE116","13","-","-","4 out of 5 stars","-","-","-"
"653",14,"Grant Calcaterra",PHI,"TE117","10","-","-","4 out of 5 stars","-","-0.9","28% (4/14)"
"654",14,"Jack Stoll",CLE,"TE118","11","-","-","3 out of 5 stars","-","-","-"
"655",14,"Tanner Conner",NYG,"TE119","8","-","-","3 out of 5 stars","-","-","-"
"656",14,"Joel Wilson",TEN,"TE120","9","-","-","3 out of 5 stars","-","-","-"
"657",14,"Johnny Mundt",PHI,"TE121","10","-","-","4 out of 5 stars","-","-","-"
"658",14,"John Michael Gyllenborg",KC,"TE122","5","-","-","4 out of 5 stars","-","-","-"
"659",14,"Anthony Firkser",DET,"TE123","6","-","-","3 out of 5 stars","-","-0.7","16% (1/6)"
"660",14,"Drew Ogletree",IND,"TE124","13","-","-","3 out of 5 stars","-","-","-"
"661",14,"Teagan Quitoriano",ARI,"TE125","14","-","-","2 out of 5 stars","-","-","-"
"662",14,"Ben Yurosek",MIN,"TE126","6","-","-","4 out of 5 stars","-","-","-"
"663",14,"Chris Manhertz",NYG,"TE127","8","-","-","3 out of 5 stars","-","-","-"
"664",14,"Brevin Jordan",HOU,"TE128","8","-","-","4 out of 5 stars","-","-","-"
"665",14,"Lucas Krull",DEN,"TE129","10","-","-","4 out of 5 stars","-","-","-"
"666",14,"Carsen Ryan",CLE,"TE130","11","-","-","3 out of 5 stars","-","-","-"
"667",14,"Blake Whiteheart",CLE,"TE131","11","-","-","3 out of 5 stars","-","-","-"
"668",14,"Xavier Weaver",ARI,"WR222","14","-","-","2 out of 5 stars","-","-1.0","25% (1/4)"
"669",14,"Gavin Bartholomew",MIN,"TE132","6","-","-","4 out of 5 stars","-","-","-"
"670",14,"Sean McKeon",IND,"TE133","13","-","-","3 out of 5 stars","-","-","-"
"671",14,"Ko Kieft",TB,"TE134","10","-","-","2 out of 5 stars","-","-","-"
"672",14,"Jake Briningstool",KC,"TE135","5","-","-","4 out of 5 stars","-","-","-"
"673",14,"Cole Turner",MIA,"TE136","6","-","-","5 out of 5 stars","-","-","-"
"674",14,"CJ Dippre",NE,"TE137","11","-","-","4 out of 5 stars","-","-","-"
"675",14,"James Mitchell",CAR,"TE138","5","-","-","2 out of 5 stars","-","-","-"
"676",14,"Brayden Willis",SF,"TE139","8","-","-","3 out of 5 stars","-","-","-"
"677",14,"Ian Thomas",LV,"TE140","13","-","-","3 out of 5 stars","-","-","-"
"678",14,"Hunter Long",JAC,"TE141","7","-","-","3 out of 5 stars","-","+0.6","33% (3/9)"
"679",15,"Jelani Woods",NYJ,"TE142","13","-","-","4 out of 5 stars","-","-","-"
"680",15,"Quintin Morris",JAC,"TE143","7","-","-","3 out of 5 stars","-","-","-"
"681",15,"Kenny Yeboah",ARI,"TE144","14","-","-","2 out of 5 stars","-","-","-"
"682",15,"Luke Lachey",FA,"TE145","-","-","-","-","-","-","-"
"683",15,"Terion Stewart",KC,"RB196","5","-","-","3 out of 5 stars","-","-","-"
"684",15,"Josh Cameron",JAC,"WR223","7","-","-","4 out of 5 stars","-","-","-"
"685",15,"Emmanuel Henderson Jr.",SEA,"WR224","11","-","-","3 out of 5 stars","-","-","-"
"686",15,"Dante Miller",NYG,"RB197","8","-","-","4 out of 5 stars","-","-","-"
"687",15,"Jamari Thrash",CLE,"WR225","11","-","-","3 out of 5 stars","-","-","-"
"688",15,"Kaden Wetjen",PIT,"WR226","9","-","-","3 out of 5 stars","-","-","-"
"689",15,"Julius Chestnut",TEN,"RB198","9","-","-","3 out of 5 stars","-","-0.6","18% (3/16)"
"690",15,"Mason Tipton",NO,"WR227","8","-","-","3 out of 5 stars","-","-1.0","33% (3/9)"
"691",15,"Carson Steele",PHI,"RB199","10","-","-","4 out of 5 stars","-","-","-"
"692",15,"Josh Williams",TB,"RB200","10","-","-","2 out of 5 stars","-","-","-"
"693",15,"JuJu Smith-Schuster",NYG,"WR228","8","-","-","4 out of 5 stars","-","-0.8","37% (6/16)"
"694",15,"Braxton Berrios",NYG,"WR229","8","-","-","4 out of 5 stars","-","-","-"
"695",15,"Eric Gray",NYG,"RB201","8","-","-","4 out of 5 stars","-","-","-"
"696",15,"Ulysses Bentley IV",IND,"RB202","13","-","-","4 out of 5 stars","-","-","-"
"697",15,"Amar Johnson",LAC,"RB203","7","-","-","3 out of 5 stars","-","-","-"
"698",15,"Kameron Johnson",TB,"WR230","10","-","-","4 out of 5 stars","-","-","-"
"699",15,"Justin Watson",HOU,"WR231","8","-","-","3 out of 5 stars","-","-","-"
"700",15,"Kentrel Bullock",CIN,"RB204","6","-","-","2 out of 5 stars","-","-","-"
"701",15,"Anthony Smith",DAL,"WR232","14","-","-","2 out of 5 stars","-","-","-"
"702",15,"Avery Williams",FA,"RB205","-","-","-","-","-","-","-"
"703",15,"Kendall Milton",CIN,"RB206","6","-","-","2 out of 5 stars","-","-","-"
"704",15,"Carlos Washington Jr.",MIA,"RB207","6","-","-","3 out of 5 stars","-","-","-"
"705",15,"Jonathan Mingo",DAL,"WR233","14","-","-","2 out of 5 stars","-","-0.6","25% (1/4)"
"706",15,"Ricky White III",SEA,"WR234","11","-","-","3 out of 5 stars","-","-","-"
"707",15,"Dominic Richardson",DAL,"RB208","14","-","-","4 out of 5 stars","-","-","-"
"708",15,"Tyler Johnson",DAL,"WR235","14","-","-","2 out of 5 stars","-","-0.6","25% (3/12)"
"709",15,"Israel Abanikanda",DAL,"RB209","14","-","-","4 out of 5 stars","-","-","-"
"710",15,"Isaiah Hodgins",NYG,"WR236","8","-","-","4 out of 5 stars","-","-1.5","33% (2/6)"
"711",15,"Ben Skowronek",PIT,"WR237","9","-","-","3 out of 5 stars","-","-","-"
"712",15,"Kene Nwangwu",NYJ,"RB210","13","-","-","3 out of 5 stars","-","-","-"
"713",15,"Coleman Bennett",CHI,"RB211","10","-","-","2 out of 5 stars","-","-","-"
"714",15,"Lincoln Pare",FA,"RB212","-","-","-","-","-","-","-"
"715",15,"Gary Brightwell",CIN,"RB213","6","-","-","2 out of 5 stars","-","-","-"
"716",15,"Nikko Remigio",KC,"WR238","5","-","-","2 out of 5 stars","-","-","-"
"717",15,"JaMycal Hasty",FA,"RB214","-","-","-","-","-","-","-"
"718",15,"TJ Harden",SEA,"RB215","11","-","-","4 out of 5 stars","-","-","-"
"719",15,"Lewis Bond",HOU,"WR239","8","-","-","3 out of 5 stars","-","-","-"
"720",15,"Lan Larison",NE,"RB216","11","-","-","2 out of 5 stars","-","-","-"
"721",15,"Kejon Owens",FA,"RB217","-","-","-","-","-","-","-"
"722",15,"Darius Cooper",PHI,"WR240","10","-","-","4 out of 5 stars","-","-","-"
"723",15,"Anthony Hankerson",MIA,"RB218","6","-","-","3 out of 5 stars","-","-","-"
"724",15,"Raheem Blackshear",DET,"RB219","6","-","-","5 out of 5 stars","-","-","-"
"725",15,"David Moore",CAR,"WR241","5","-","-","2 out of 5 stars","-","-","-"
"726",15,"CJ Williams",JAC,"WR242","7","-","-","4 out of 5 stars","-","-","-"
"727",15,"Chris Collier",LV,"RB220","13","-","-","2 out of 5 stars","-","-","-"
"728",15,"Bryce Oliver",TEN,"WR243","9","-","-","3 out of 5 stars","-","-","-"
"729",15,"Jalen Brooks",ARI,"WR244","14","-","-","2 out of 5 stars","-","-","-"
"730",15,"Damon Bankston",NYG,"RB221","8","-","-","4 out of 5 stars","-","-","-"
"731",15,"Dylan Drummond",ATL,"WR245","11","-","-","3 out of 5 stars","-","-","-"
"732",15,"Cody Schrader",DEN,"RB222","10","-","-","2 out of 5 stars","-","-","-"
"733",15,"Bo Melton",GB,"WR246","11","-","-","5 out of 5 stars","-","-","-"
"734",15,"Charlie Jones",CIN,"WR247","6","-","-","4 out of 5 stars","-","-","-"
"735",15,"Tom Kennedy",DET,"WR248","6","-","-","4 out of 5 stars","-","-","-"
"736",15,"Eli Pancol",IND,"WR249","13","-","-","4 out of 5 stars","-","-","-"
"737",15,"Jason Brownlee",KC,"WR250","5","-","-","2 out of 5 stars","-","-","-"
"738",15,"Quali Conley",FA,"RB223","-","-","-","-","-","-","-"
"739",15,"Shedrick Jackson",LV,"WR251","13","-","-","2 out of 5 stars","-","-","-"
"740",15,"Isaiah Neyor",GB,"WR252","11","-","-","5 out of 5 stars","-","-","-"
"741",15,"Gage Larvadain",CLE,"WR253","11","-","-","3 out of 5 stars","-","-","-"
"742",15,"Gabe Davis",FA,"WR254","-","-","-","-","-","-","-"
"743",15,"Nick Nash",WAS,"WR255","7","-","-","2 out of 5 stars","-","-","-"
"744",15,"Omari Kelly",CHI,"WR256","10","-","-","3 out of 5 stars","-","-","-"
"745",15,"LaJohntay Wester",BAL,"WR257","13","-","-","4 out of 5 stars","-","-","-"
"746",15,"Jalin Hyatt",NYG,"WR258","8","-","-","4 out of 5 stars","-","-","-"
"747",15,"Luke Grimm",LAC,"WR259","7","-","-","2 out of 5 stars","-","-","-"
"748",15,"Andrew Armstrong",KC,"WR260","5","-","-","2 out of 5 stars","-","-","-"
"749",15,"Laquon Treadwell",IND,"WR261","13","-","-","4 out of 5 stars","-","-","-"
"750",15,"Jordan Moore",CIN,"WR262","6","-","-","4 out of 5 stars","-","-","-"
"751",16,"JP Richardson",CHI,"WR263","10","-","-","3 out of 5 stars","-","-","-"
"752",16,"Raylen Sharpe",IND,"WR264","13","-","-","4 out of 5 stars","-","-","-"
"753",16,"Jeff Caldwell",KC,"WR265","5","-","-","2 out of 5 stars","-","-","-"
"754",16,"Tyrell Shavers",BUF,"WR266","7","-","-","4 out of 5 stars","-","+0.7","43% (7/16)"
"755",16,"Brennan Presley",LAR,"WR267","11","-","-","1 out of 5 stars","-","-","-"
"756",16,"Cody White",SEA,"WR268","11","-","-","3 out of 5 stars","-","-","-"
"757",16,"Tru Edwards",LAR,"WR269","11","-","-","1 out of 5 stars","-","-","-"
"758",16,"Donaven McCulley",MIA,"WR270","6","-","-","3 out of 5 stars","-","-","-"
"759",16,"Britain Covey",PHI,"WR271","10","-","-","4 out of 5 stars","-","-","-"
"760",16,"Jackson Meeks",DET,"WR272","6","-","-","4 out of 5 stars","-","-","-"
"761",16,"Jacob De Jesus",KC,"WR273","5","-","-","2 out of 5 stars","-","-","-"
"762",16,"Brycen Tremayne",CAR,"WR274","5","-","-","2 out of 5 stars","-","-","-"
"763",16,"Jamaal Pritchett",NYJ,"WR275","13","-","-","4 out of 5 stars","-","-","-"
"764",16,"Traeshon Holden",DAL,"WR276","14","-","-","2 out of 5 stars","-","-","-"
"765",16,"Tylan Wallace",CLE,"WR277","11","-","-","3 out of 5 stars","-","-","-"
"766",16,"Jaden Bradley",WAS,"WR278","7","-","-","2 out of 5 stars","-","-","-"
"767",16,"Jimmy Holiday",KC,"WR279","5","-","-","2 out of 5 stars","-","-","-"
"768",16,"Mason Kinsey",TEN,"WR280","9","-","-","3 out of 5 stars","-","-","-"
"769",16,"Jeremiah Webb",NE,"WR281","11","-","-","2 out of 5 stars","-","-","-"
"770",16,"Malachi Corley",CLE,"WR282","11","-","-","3 out of 5 stars","-","-0.4","33% (3/9)"
"771",16,"Stephen Gosnell",BUF,"WR283","7","-","-","4 out of 5 stars","-","-","-"
"772",16,"Samori Toure",PHI,"WR284","10","-","-","4 out of 5 stars","-","-","-"
"773",16,"Camden Brown",DAL,"WR285","14","-","-","2 out of 5 stars","-","-","-"
"774",16,"Vinny Anthony II",ATL,"WR286","11","-","-","3 out of 5 stars","-","-","-"
"775",16,"Sahmir Hagans",IND,"WR287","13","-","-","4 out of 5 stars","-","-","-"
"776",16,"Hakeem Butler",DEN,"WR288","10","-","-","2 out of 5 stars","-","-","-"
"777",16,"Dane Key",DEN,"WR289","10","-","-","2 out of 5 stars","-","-","-"
"778",16,"Josh Kelly",HOU,"WR290","8","-","-","3 out of 5 stars","-","-","-"
"779",16,"Le'Meke Brockington",ATL,"WR291","11","-","-","3 out of 5 stars","-","-","-"
"780",16,"Johnny Wilson",PHI,"WR292","10","-","-","4 out of 5 stars","-","-","-"
"781",16,"Danny Gray",PHI,"WR293","10","-","-","4 out of 5 stars","-","-","-"
"782",16,"Sederrick Cunningham",FA,"WR294","-","-","-","-","-","-","-"
"783",16,"E.J. Horton Jr.",IND,"WR295","13","-","-","4 out of 5 stars","-","-","-"
"784",16,"Austin Trammell",JAC,"WR296","7","-","-","4 out of 5 stars","-","-","-"
"785",16,"Nick DeGennaro",NE,"WR297","11","-","-","2 out of 5 stars","-","-","-"
"786",16,"Devonte Ross",LAC,"WR298","7","-","-","2 out of 5 stars","-","-","-"
"787",16,"Eric Rivers Jr.",TB,"WR299","10","-","-","4 out of 5 stars","-","-","-"
"788",16,"Omari Evans",KC,"WR300","5","-","-","2 out of 5 stars","-","-","-"
"789",16,"Mario Williams",LAR,"WR301","11","-","-","1 out of 5 stars","-","-","-"
"790",16,"Noah Thomas",CIN,"WR302","6","-","-","4 out of 5 stars","-","-","-"
"791",16,"Brenden Rice",FA,"WR303","-","-","-","-","-","-","-"
"792",16,"Cameron Dorner",NE,"WR304","11","-","-","2 out of 5 stars","-","-","-"
"793",16,"Kyron Hudson",CHI,"WR305","10","-","-","3 out of 5 stars","-","-","-"
"794",16,"Tejhaun Palmer",NE,"WR306","11","-","-","2 out of 5 stars","-","-","-"
"795",16,"Hank Beatty",TEN,"WR307","9","-","-","3 out of 5 stars","-","-","-"
"796",16,"Cornelius Johnson",BAL,"WR308","13","-","-","4 out of 5 stars","-","-","-"
"797",16,"Sincere Brown",LAC,"WR309","7","-","-","2 out of 5 stars","-","-","-"
"798",16,"E.J. Williams Jr.",LV,"WR310","13","-","-","2 out of 5 stars","-","-","-"
"799",16,"Trent Sherfield Sr.",BUF,"WR311","7","-","-","4 out of 5 stars","-","-","-"
"800",16,"Dennis Houston",TB,"WR312","10","-","-","4 out of 5 stars","-","-","-"
"801",16,"Keelan Marion",ATL,"WR313","11","-","-","3 out of 5 stars","-","-","-"
"802",16,"Luke Floriea",CLE,"WR314","11","-","-","3 out of 5 stars","-","-","-"
"803",16,"Lance McCutcheon",TEN,"WR315","9","-","-","3 out of 5 stars","-","-","-"
"804",16,"AJ Henning",MIA,"WR316","6","-","-","3 out of 5 stars","-","-","-"
"805",16,"Mante Morrow",LAC,"WR317","7","-","-","2 out of 5 stars","-","-","-"
"806",16,"Simi Fehoko",ARI,"WR318","14","-","-","2 out of 5 stars","-","-","-"
"807",16,"Kyle Dixon",NE,"WR319","11","-","-","2 out of 5 stars","-","-","-"
"808",16,"Tim Jones",JAC,"WR320","7","-","-","4 out of 5 stars","-","-","-"
"809",16,"Jordan Hudson",DAL,"WR321","14","-","-","2 out of 5 stars","-","-","-"
"810",16,"Junior Bergen",SF,"WR322","8","-","-","2 out of 5 stars","-","-","-"
"811",16,"Caullin Lacy",NYJ,"WR323","13","-","-","4 out of 5 stars","-","-","-"
"812",16,"Xavier Loyd",KC,"WR324","5","-","-","2 out of 5 stars","-","-","-"
"813",16,"Trey Palmer",NO,"WR325","8","-","-","3 out of 5 stars","-","-","-"
"814",16,"Rashad Rochelle",SEA,"WR326","11","-","-","3 out of 5 stars","-","-","-"
"815",16,"Jonathan Brady",FA,"WR327","-","-","-","-","-","-","-"
"816",16,"Xavier Gipson",NYG,"WR328","8","-","-","4 out of 5 stars","-","-","-"
"817",16,"Jalen Walthall",NYJ,"WR329","13","-","-","4 out of 5 stars","-","-","-"
"818",16,"DT Sheffield",NYJ,"WR330","13","-","-","4 out of 5 stars","-","-","-"
"819",16,"Dean Patterson",TB,"WR331","10","-","-","4 out of 5 stars","-","-","-"
"820",16,"Malik McClain",NYJ,"WR332","13","-","-","4 out of 5 stars","-","-","-"
"821",16,"Xavier Guillory",BAL,"WR333","13","-","-","4 out of 5 stars","-","-","-"
"822",16,"Beaux Collins",FA,"WR334","-","-","-","-","-","-","-"
"823",16,"Malik Turner",SF,"WR335","8","-","-","2 out of 5 stars","-","-","-"
"824",16,"Kole Wilson",CLE,"WR336","11","-","-","3 out of 5 stars","-","-","-"
"825",16,"Wesley Grimes",SF,"WR337","8","-","-","2 out of 5 stars","-","-","-"
"826",16,"Chris Hilton Jr.",WAS,"WR338","7","-","-","2 out of 5 stars","-","-","-"
"827",16,"Dan Chisena",CAR,"WR339","5","-","-","2 out of 5 stars","-","-","-"
"828",16,"Ja'Mori Maclin",BUF,"WR340","7","-","-","4 out of 5 stars","-","-","-"
"829",16,"Kolbe Katsis",DEN,"WR341","10","-","-","2 out of 5 stars","-","-","-"
"830",16,"Cameron Ross",DEN,"WR342","10","-","-","2 out of 5 stars","-","-","-"
"831",16,"Tyren Montgomery",TEN,"WR343","9","-","-","3 out of 5 stars","-","-","-"
"832",16,"Max Tomczak",BUF,"WR344","7","-","-","4 out of 5 stars","-","-","-"
"833",16,"Cortez Braham Jr.",BAL,"WR345","13","-","-","4 out of 5 stars","-","-","-"
"834",16,"Irv Charles",SEA,"WR346","11","-","-","3 out of 5 stars","-","-","-"
"835",16,"Phillip Dorsett II",LV,"WR347","13","-","-","2 out of 5 stars","-","-","-"
"836",16,"Jimmy Kibble",NE,"WR348","11","-","-","2 out of 5 stars","-","-","-"
"837",16,"Harrison Wallace III",ARI,"WR349","14","-","-","2 out of 5 stars","-","-","-"
"838",16,"Octavian Smith Jr.",BAL,"WR350","13","-","-","4 out of 5 stars","-","-","-"
"839",16,"Bryson Green",ARI,"WR351","14","-","-","2 out of 5 stars","-","-","-"
"840",16,"Kobe Prentice",NE,"WR352","11","-","-","2 out of 5 stars","-","-","-"
"841",16,"Courtney Jackson",TEN,"WR353","9","-","-","3 out of 5 stars","-","-","-"
"842",16,"Treyvhon Saunders",HOU,"WR354","8","-","-","3 out of 5 stars","-","-","-"
"843",16,"Dalen Cambre",NYG,"WR355","8","-","-","4 out of 5 stars","-","-","-"
"844",16,"Daniel Sobkowicz",HOU,"WR356","8","-","-","3 out of 5 stars","-","-","-"
"845",16,"Ihmir Smith-Marsette",ARI,"WR357","14","-","-","2 out of 5 stars","-","-","-"
"846",16,"Brock Rechsteiner",NO,"WR358","8","-","-","3 out of 5 stars","-","-","-"
"847",16,"Colton Dowell",SF,"WR359","8","-","-","2 out of 5 stars","-","-","-"